Account,Type,RVP,Engagement,Status,Next Critical Date,Column 7,Column 8,Column 9,Column 10,Column 11,Column 12,Column 13,5/11 Status,5/19 Status,5/25 Status,6/8 Needs,6/16 Needs,6/23 Needs,6/29 Needs,7/7 Needs,5/4 Status ,AE,SE,CSM,DSE,EA,AF,TA,BVS,Multiplier,Close Plan,DSR,Deck/Asset,Account Channel,Deal Channel ,Intake
ADT,Solidify,Andrew Blum,SIC,Completed,,,,Home & Away SIC - UPDATE? ,Get update following Home & Away SIC - ties into renewal ,Need Home & Away SIC update; renewal impacts,Need Home & Away SIC update; renewal impacts,Need Home & Away SIC update; renewal impacts,Need Home & Away SIC update; renewal impacts,,,,,,,,Need Home & Away SIC update; renewal impacts,Anthony Service,Sonal Moraes,,N/A,Gabe Graber,,,Oye Coker-Dickens,,,,SIC Deck,,,
ADT,Solidify,Andrew Blum,SIC,Completed,,,,"B2C Launch SIC week of Apr 13
CMO (Kim) wants 90-min exec pitch with full plan, demo, and ROI for CEO approval
Nicole providing courtesy order form for Next Gen MC bells and whistles
Target transaction: Q2
NEED:
Lock team + owners
Build demo + architecture in parallel
Draft exec deck (vision → demo → plan → ROI)
Finalize 3-month rollout + KPIs
Prep POC commercial structure (Adam/Anthony)
Nicole ongoing weekly/bi-weekly engagement with Kim","B2C SIC with New CMO
Demo Plan Alignment with Rachel Smith, Sonal Moraes, AD, Digital Team - Complete
Demo Build (Holodeck) / Deck - WIP
Anthony Service+ Adam Edwardsdrafting pricing estimates - ADT may be assuming Scot's CCaaS investment offer is transferable to the MC work — Blum flagged this, needs to be surfaced to Scot before his PTO next week
NEED BVS?
Gabriel Graber- Add to channel

Rachel Smith BVS (Oye) is supporting this B2C SIC at ADT.   He just confirmed and tagged himself.","B2C SIC with New CMO Today
Orient around CDP win for investment expectations",Next Steps Post-SICs? ,Next Steps Post-SICs? ,Next Steps Post-SICs? ,,,,,,,,Next Steps Post-SICs? ,Anthony Service,Sonal Moraes,,Rachel Smith,Gabe Graber,,,Oye Coker-Dickens,,,,4/14 MarTech Demo,,,"We have a shot to help ADT rebuild their marketing + launch D2C. CMO (Kim) is moving fast (CEO Pressure) → wants a 90-min exec pitch (week of Apr 13) with full plan, demo, and ROI for CEO approval. She wants to make a big splash! 
Nicole told Kim we will invest in Dev on a new MC instance of Next Gen MC. Courtesy order form for all the bells and whistles. 
*Target transaction Q2*"
CBRE - FDEs,Transform,Andrew Blum,Agentforce Consumption,In Process,,,,,,,,,,,,,Check in here - CapMarkets Deployment: Does product team need feedback? Requested via DSR an AFSE to review. (AF releases going straight to prod and breaking things! Creating risk in CapMarkets success! 1 year contract up for renewal this year) - Open Red Account! [Blum requesting from Tyler],Check in here - CapMarkets Deployment: Does product team need feedback? Requested via DSR an AFSE to review. (AF releases going straight to prod and breaking things! Creating risk in CapMarkets success! 1 year contract up for renewal this year) - Open Red Account! [Blum requesting from Tyler],Check in here - CapMarkets Deployment: Does product team need feedback? Requested via DSR an AFSE to review. (AF releases going straight to prod and breaking things! Creating risk in CapMarkets success! 1 year contract up for renewal this year) - Open Red Account! [Blum requesting from Tyler],"Very Red. Escalated to Marie Williams. Product gaps need to be addressed! Request for FDEs to get re-engaged, but product team engagement is critical before more FDEs added. CSM hands are tied due to this just being premiere. Adding Laura Caseto channel for visibilty.  Potential attrit without fixing for long term. (Every time there is a product release, something breaks.)  [RING FIRE ALARM]",,Tyler Flory,Michael Ciardullo,Premier - see Tsui,,,,,,,,,,,,
ADT,Solidify,Andrew Blum,AI Workshop,Completed,,,,,,,,"Agentforce 101 session for ADT's Head of AI (Jesse Coomber) and Geoff Skinner, VP, IT Applications.  Need a full 101 enablement. Geoff mentioned trying to get this scheduled for early next week but nothing has been confirmed yet. 
Important to note that Jesse is the primary sponsor for Sierra at ADT, so we really need to get this right.
Resource? Date?","
Completed 5/11 - Agentforce 101 still unscheduled for Jesse Coomber (Head of AI) + Geoff Skinner (VP IT Apps). Jesse is primary Sierra sponsor. Need resource assignment (John DeFoe) + date. Geoff mentioned early next week but unconfirmed.","Completed 5/11 — Agentforce 101 delivered to Jesse Coomber (Head of AI) + Geoff Skinner (VP IT Apps).""","Completed 5/11 — Agentforce 101 delivered to Jesse Coomber (Head of AI) + Geoff Skinner (VP IT Apps).""","Completed 5/11 — Agentforce 101 delivered to Jesse Coomber (Head of AI) + Geoff Skinner (VP IT Apps).""","Completed 5/11 — Agentforce 101 delivered to Jesse Coomber (Head of AI) + Geoff Skinner (VP IT Apps).""","Completed 5/11 — Agentforce 101 delivered to Jesse Coomber (Head of AI) + Geoff Skinner (VP IT Apps).""","Completed 5/11 — Agentforce 101 delivered to Jesse Coomber (Head of AI) + Geoff Skinner (VP IT Apps).""","Completed 5/11 — Agentforce 101 delivered to Jesse Coomber (Head of AI) + Geoff Skinner (VP IT Apps).""",Agentforce 101 still unscheduled for Jesse Coomber (Head of AI) + Geoff Skinner (VP IT Apps). Jesse is primary Sierra sponsor. Need resource assignment (John DeFoe) + date. Geoff mentioned early next week but unconfirmed.,Anthony Service,Sonal Moraes,,NONE,Gabe Graber,NONE,NONE,NONE,NONE,,,,,,
ADT,Solidify,Andrew Blum,Architecture Review,In Process,,"Arc Review Need architecture review and alignment with acct team + Techsee (VRA OEM partner/big influencer at ADT) on a co-defined architecture session where we map out what the ideal state/product mix is. 
Sumit Paliwal + Gabriel Graberconnecting internally to craft POV - will confirm after mtg internally. ","Arc Alignment - Internal connect outcome with Gabriel Graber& 
Sumit Paliwal ? Next customer mtg?","
Sumit Paliwal chasing TechSee for meeting for arc review - STILL? ","Standing meeting with TechSee 4/8, but Sumit not available - looking to push; Sonal and Sumit have prepped ",Techsee/Sumit Paliwal meeting 4/22 10AM,Techsee/Sumit Paliwal meeting 4/22 10AM,"Salesforce & TechSee need to align on the proposed architecture for ADT and then present it together to ADT.
TechSee participating in MCP pilot; Video and images not yet supported by MCP but TechSee has recommendations
Jim will coordinate with Gavin and Sumit via Slack to schedule architect discussion this week or early next week",SF & TechSee need to align on proposed architecture and co-present to ADT. Jim coordinating with Gavin and Sumit to schedule architect discussion this week/early next.,SF & TechSee need to align on proposed architecture and co-present to ADT. Jim coordinating with Gavin and Sumit to schedule architect discussion this week/early next.,TechSee working with product team to ensure we are aligned on product roadmap (current gaps). Gaps are causing ADT to default to Sierra. AOV Protection - need a path to product inoperability. Next step: Monitoring Product Roadmap alignment discussions - Sumit Paliwalon it.  ,TechSee working with product team to ensure we are aligned on product roadmap (current gaps). Gaps are causing ADT to default to Sierra. AOV Protection - need a path to product inoperability. Next step: Monitoring Product Roadmap alignment discussions - Sumit Paliwalon it.  ,NO CHANGE! LAST: TechSee working with product team to ensure we are aligned on product roadmap (current gaps). Gaps are causing ADT to default to Sierra. AOV Protection - need a path to product inoperability. Next step: Monitoring Product Roadmap alignment discussions - Sumit Paliwalon it.  Get Blum added to product channel and ping for the latest. ,NO CHANGE! LAST: TechSee working with product team to ensure we are aligned on product roadmap (current gaps). Gaps are causing ADT to default to Sierra. AOV Protection - need a path to product inoperability. Next step: Monitoring Product Roadmap alignment discussions - Sumit Paliwalon it.  Get Blum added to product channel and ping for the latest. ,NO CHANGE! LAST: TechSee working with product team to ensure we are aligned on product roadmap (current gaps). Gaps are causing ADT to default to Sierra. AOV Protection - need a path to product inoperability. Next step: Monitoring Product Roadmap alignment discussions - Sumit Paliwalon it.  Get Blum added to product channel and ping for the latest. ,TechSee working with product team to ensure we are aligned on product roadmap (current gaps). Gaps are causing ADT to default to Sierra. AOV Protection - need a path to product inoperability. Next step: Monitoring Product Roadmap alignment discussions - Sumit Paliwalon it.  Last channel activity 6/16 - Elizabeth Tsui pinging/tagging Tim Jock for visibility. Add Sonal Moraes,"Salesforce & TechSee need to align on the proposed architecture for ADT and then present it together to ADT.
TechSee participating in MCP pilot; Video and images not yet supported by MCP but TechSee has recommendations
Jim will coordinate with Gavin and Sumit via Slack to schedule architect discussion this week or early next week",Anthony Service,Sonal Moraes,Jim Pawlika,NONE,Gabe Graber,NONE,Sumit Paliwal,NONE,NONE,,,https://salesforce.enterprise.slack.com/docs/T3X1CSHRN/F0AE75TFV51,https://salesforce.enterprise.slack.com/archives/C0AE75R7267,,TechSee asking for help from product with integrating their product capes with AF (Blocker) - Need architecture review and alignment with acct team + Techsee (VRA OEM partner/big influencer at ADT) on a co-defined architecture session where we map out what the ideal state/product mix is. 
CBRE,Transform,Andrew Blum,Process Evaluation,Postponed,,,,,"NEW: Discovery call with the GWS team today 
Goal: map the system landscape (FM, ESG, Analytics, Leases), identify friction and manual workflows - aiming for A1E upgrade.","Map the system landscape (FM, ESG, Analytics, Leases), identify friction and manual workflows - aiming for A1E upgrade.
This feels like a Bill Bernabei special with no real decision maker, budget, or quantifiable goals established for success or funding! ","Map the system landscape (FM, ESG, Analytics, Leases), identify friction and manual workflows - aiming for A1E upgrade.
This feels like a Bill Bernabei special with no real decision maker, budget, or quantifiable goals established for success or funding! ","Map the system landscape (FM, ESG, Analytics, Leases), identify friction and manual workflows - aiming for A1E upgrade.
ON HOLD: no real decision maker, budget, or quantifiable goals established for success or funding! ","ON HOLD: no real decision maker, budget, or quantifiable goals established for success or funding! ","ON HOLD: no real decision maker, budget, or quantifiable goals established for success or funding! ","ON HOLD: no real decision maker, budget, or quantifiable goals established for success or funding! ","ON HOLD: no real decision maker, budget, or quantifiable goals established for success or funding! ","ON HOLD: no real decision maker, budget, or quantifiable goals established for success or funding! ","ON HOLD: no real decision maker, budget, or quantifiable goals established for success or funding! ","ON HOLD: no real decision maker, budget, or quantifiable goals established for success or funding! ","ON HOLD: no real decision maker, budget, or quantifiable goals established for success or funding! ","ON HOLD: no real decision maker, budget, or quantifiable goals established for success or funding! ",Tyler Flory,Michael Ciardullo,,Rachel Smith,Gabe Graber,NONE,Jake Connors,Oye Coker-Dickens,Priya Stipe,,,,,,
CDW,Transform,Jesse Sun,Executive Engagement,Completed,5/29/2026,,,,"Rough Draft CDW Renewal Closing Plan by Jordan Rzepka
Security context shared by Kevin McDermott from last year's SOX conversations (to frame readout) 
4/9 Planning Call with SVP Stakeholders for SIC 
Priya Stipe Partnership SIC in Chi - vetting agenda and topics - Date TBD (early May?) ","Agenda alignment; content being prepped; waiting on date
Priya Stipe Partnership SIC in Chi -  Date TBD (can't get in person until late june, targeting virtual May with smaller group) 
Rough Draft CDW Renewal Closing Plan by Jordan Rzepka
Security context shared by Kevin McDermott from last year's SOX conversations (to frame readout) ","Agenda alignment; content being prepped; waiting on date
Priya Stipe Partnership SIC in Chi -  Date TBD (can't get in person until late june, targeting virtual May with smaller group) 
Rough Draft CDW Renewal Closing Plan by Jordan Rzepka
Security context shared by Kevin McDermott from last year's SOX conversations (to frame readout) ",Virtual exec meeting confirmed for 5/29. @Priya Stipe is engaged. Scheduling a 1x1 listening tour with each participating executive.,"Virtual exec meeting confirmed for 5/29. Priya engaged. 
""Listening Tour"" still underway 
What kind of meeting do we need? ","Virtual exec meeting confirmed for 5/29. Priya engaged. 
""Listening Tour"" still underway 
What kind of meeting do we need? ","Exec Summit 5/29 confirmed. Deck 90% done, demo finalized. 1st dry run 5/26. Poonam leading demo. Priya leading strategy; Rachel supporting story/demo/Poonam. ",Exec Summit 5/29 complete. Next steps being defined — confirm post-Summit actions with account team.,Exec Summit 5/29 complete. Next steps being defined — confirm post-Summit actions with account team.,Exec Summit 5/29 complete. Next steps being defined — confirm post-Summit actions with account team.,Exec Summit 5/29 complete. Next steps being defined — confirm post-Summit actions with account team.,Exec Summit 5/29 complete. Next steps being defined — confirm post-Summit actions with account team.,"Virtual exec meeting confirmed for 5/29. @Priya Stipe is engaged. 

5/5 - Scheduling a 1x1 listening tour with each participating executive. Aligned on content - Priya/Poonam working on refining. ",Jordan Rzepka,Poonam Patel,Premier - see Tsui,Rachel Smith,Alexandra Scott,NONE,NONE,Oye Coker-Dickens,Priya Stipe,Rough Draft CDW Renewal Closing Plan,,"Initial High Level Agenda

Summit Deck Draft",,,"Planning Executive Summit with CCO, CFO, and SVPs (RevOps, Strategy, etc.). They want to reimagine the partnership - focus areas likely to include: State of the Partnership, Agentic Enterprise Evolution, Vision for CDW as Agentic Enterprise (CPQ to ARM & Agentforce. Ancillary outcomes we to tease out: need for Signature Success, central ownership of Salesforce relationship

Context: CDW has outdated tech & shelfware (e.g., quip) so we need to recalibrate. "
CBRE,Transform,Andrew Blum,POC,Completed,5/7/2026,,,,,,,"CBRE Hackathon 5/7 - Resource, Licensing Support Needed ","Completed: Hackathon 5/5–5/6 in Dallas. 4 use cases briefed (AI deal copilot, meeting intelligence, dev automation, ESG agent). Daniel Allen local; remote team on standby. Advisory/guidance only","Completed: Hackathon 5/5–5/6 in Dallas. 4 use cases briefed (AI deal copilot, meeting intelligence, dev automation, ESG agent). Daniel Allen local; remote team on standby. Advisory/guidance only","Completed: Hackathon 5/5–5/6 in Dallas. 4 use cases briefed (AI deal copilot, meeting intelligence, dev automation, ESG agent). Daniel Allen local; remote team on standby. Advisory/guidance only","Completed: Hackathon 5/5–5/6 in Dallas. 4 use cases briefed (AI deal copilot, meeting intelligence, dev automation, ESG agent). Daniel Allen local; remote team on standby. Advisory/guidance only","Completed: Hackathon 5/5–5/6 in Dallas. 4 use cases briefed (AI deal copilot, meeting intelligence, dev automation, ESG agent). Daniel Allen local; remote team on standby. Advisory/guidance only","Completed: Hackathon 5/5–5/6 in Dallas. 4 use cases briefed (AI deal copilot, meeting intelligence, dev automation, ESG agent). Daniel Allen local; remote team on standby. Advisory/guidance only","Completed: Hackathon 5/5–5/6 in Dallas. 4 use cases briefed (AI deal copilot, meeting intelligence, dev automation, ESG agent). Daniel Allen local; remote team on standby. Advisory/guidance only","Completed: Hackathon 5/5–5/6 in Dallas. 4 use cases briefed (AI deal copilot, meeting intelligence, dev automation, ESG agent). Daniel Allen local; remote team on standby. Advisory/guidance only","Hackathon 5/5–5/6 in Dallas. 4 use cases briefed (AI deal copilot, meeting intelligence, dev automation, ESG agent). Daniel Allen local; remote team on standby. Advisory/guidance only",Tyler Flory,Michael Ciardullo,,NONE,Gabe Graber,NONE,NONE,"NONE, Oye Coker-Dickens",NONE,,,,,,
CBRE - BOE,Transform,Andrew Blum,Architecture Review,In Process,,,,,"NEW: Planning exec strategy workshop (Priya Stipe+ Rachel Smith) geared toward CBRE's incoming CTO Anuj Kadyan (ex-McKinsey, joining May 15).
Mitigating Red Account escalation - AOV at risk - Palantir re-platform exploration, Oracle as RFP competitor, and internal D&T misalignment
DATE? (On hold with Alicia news?)","Exec strategy workshop (Priya Stipe+ Rachel Smith) for SF positioning to CBRE's incoming CTO Anuj Kadyan (ex-McKinsey, joining May 15).
Mitigating Red Account escalation - AOV at risk - Palantir re-platform exploration, Oracle as RFP competitor, and internal D&T misalignment
ON HOLD PENDING STAKEHOLDER CHANGES?","Exec strategy workshop (Priya Stipe+ Rachel Smith) for SF positioning to CBRE's incoming CTO Anuj Kadyan (ex-McKinsey, joining May 15).
Mitigating Red Account escalation - AOV at risk - Palantir re-platform exploration, Oracle as RFP competitor, and internal D&T misalignment
ON HOLD PENDING STAKEHOLDER CHANGES?","Unified exec meeting. Tyler Flory leveraging CBRE ""strategy"" doc to outline narrative for iteration with Priya Stipe + Rachel Smith",ON HOLD: Tyler Florytaking ownership on getting new exec (Anuj) up to speed,ON HOLD: Tyler Florytaking ownership on getting new exec (Anuj) up to speed,"Tyler scheduling in-person Dallas workshop week of 6/8 for reference arch + ROI biz case. Bill (BOE) + John Pulito (product owner) fully aligned on BOE Sales Process transformation direction.
RUL > Agentforce - Bill supporting. 
Will bring up political debate of who owns the SF platform? ",In-person Dallas workshop this week for reference arch + ROI biz case. Bill (BOE) + John Pulito (product owner) fully aligned on BOE Sales Process transformation direction.,In-person Dallas BOE workshop completed week of 6/8 — reference arch + ROI biz case delivered. Bill (BOE) + John Pulito fully aligned on BOE Sales Process transformation direction.,In-person Dallas BOE workshop completed week of 6/8 — reference arch + ROI biz case delivered. Bill (BOE) + John Pulito fully aligned on BOE Sales Process transformation direction.,In-person Dallas BOE workshop completed week of 6/8 — reference arch + ROI biz case delivered. Bill (BOE) + John Pulito fully aligned on BOE Sales Process transformation direction.,In-person Dallas BOE workshop completed week of 6/8 — reference arch + ROI biz case delivered. Bill (BOE) + John Pulito fully aligned on BOE Sales Process transformation direction. Rachel Smith get update from Tyler ,"Unified exec meeting. Tyler Flory leveraging CBRE ""strategy"" doc to outline narrative for iteration with Priya Stipe + Rachel Smith",Tyler Flory,Michael Ciardullo,Premier - see Tsui,Rachel Smith,Gabe Graber,NONE,NONE,Oye Coker-Dickens,NONE,,,,,,"Exec Salesforce Overview for CBRE's incoming CTO Anuj Kadyan (ex-McKinsey, joining May 15) - this is meant to introduce the current partnership & position the use of Salesforce at CBRE as a platform vs. fragmened solution (""need to leverage Salesforce strategically to run the business"". Met with CBRE (Alecia) 4/22 to walk through narrative she wants to drive, the idea would be to co-create the narrative and organize her thinking/our perspective."
CBRE - Savannah,Transform,Andrew Blum,Proposals,In Process,,Relina > Vikram note going out. Executive alignments; Readouts and Demos to CBRE for Savannah RFP. First demo (Deal Management & Finance Management on 3/25),Demos 3/25 & 3/26,"Oracle bombed demos :) 
Oracle moved all RE biz to JLL last year :) 
Awaiting any final needs from CBRE to close out demos / decisions
NEW Chief Digital & Transformation Officer starts May (from McKinsey)","ERP decision has been delayed due to Arjun joining. 
POSSIBLE we will need to re-educate on Savannah. 
Blum connecting with Deloitte ERP workstream. 
Final demos (outstanding topics) 4/10","NEW: 45 Min with D&T request

General ability to change UI - can we see what is/isn't within our control
System performance with customization - how much degradation do you see on the platform as more customizations are made or when more calculations are running for commissions to be real-time.
Analytics - what is available built-in, what costs extra, ability to integrate 3-party tool like Segment, GA, Amplitude
Ability to have event tagging that is reportable, are there any limitations to this?
Ability to run UEM - built-in survey capability and ability to implement Alchemer pop-up",Completed D&T Technical Follow-Ups. Met with Deloitte partner team 4/20 for briefing. Waiting on CBRE next steps/decisions.,Waiting on CBRE for next steps/decisions,BAFO submitted 5/7. SteerCo rescheduled ~5/15. Vendor selection + board funding approval targeted EOM. SF competitive with Oracle on pricing ($12M vs $9M TCV). PwC reaching out to align on Savannah.,Vendor selection + board funding approval targeted EOM. SF competitive with Oracle on pricing ($12M vs $9M TCV).,"SteerCo 6/4. 
EOM vendor selection vs. Oracle ($12M vs $9M TCV). 
Scope validation sessions complete 5/19–21 with SIs. ",SteerCo postponed from 6/4. Bryan Murphy requested formal proposals from both vendors with Deal IQ removed from scope. CBRE reconnect call with Deloitte/SFDC scheduled for 6/9.,SteerCo postponed from 6/4. Bryan Murphy + Rhea on Friday - requested formal proposals from both vendors (Deal IQ removed from scope). Vendor selection decision vs. Oracle ($12M vs $9M TCV) pending — SteerCo now 6/23,SteerCo postponed from 6/4. Bryan Murphy + Rhea on Friday - requested formal proposals from both vendors (Deal IQ removed from scope). Vendor selection decision vs. Oracle ($12M vs $9M TCV) pending — SteerCo now 6/23,SteerCo postponed from 6/4. Bryan Murphy + Rhea on Friday - requested formal proposals from both vendors (Deal IQ removed from scope). Vendor selection decision vs. Oracle ($12M vs $9M TCV) pending — SteerCo now 6/23,SteerCo being scheduled next week now - pending ,"SteerCo video in production — script finalized, voiceover recorded 5/4, Sasha completing. Target delivery Thu 5/7 for SteerCo ~5/8–5/11.
BAFO/updated proposal due Thu 5/7 for SteerCo decision Fri–Mon (by 5/12). Deloitte meeting 5/5; PwC rescheduled. Oracle at $9M TCV; SF competitive at $12M.",Tyler Flory,Michael Ciardullo,Premier - see Tsui,Rachel Smith,Gabe Graber,NONE,Jake Connors,Oye Coker-Dickens,"Priya Stipe, Sasha Freedman",,,CBRE | Savannah 2.0 | WIP Proposal,,,Proposal submission and demo / read outs to CBRE for Savannah RFP 
CoStar,Preserve,Andrew Blum,Executive Narratives,In Process,,,,,,"NEW: Sizzle video needed; needed in next two weeks. Demo builds still being defined and in the works so lots to do still.
If we can get scripts finalized, Sasha Freedman can begin vid build and fill in with demo assets. No hard date; Priority over Keller. Need a video PM to get Sash assets proactively. ","4/21 - Connor Marsden targeting an in-person follow up with Costar CEO next week.  Finalizing script and need to assemble appropriate demo assets.  ASAP.
NEW: Sizzle video needed; needed in next two weeks. Demo builds still being defined and in the works so lots to do still.
If we can get scripts finalized, Sasha Freedman can begin vid build and fill in with demo assets. No hard date; Priority over Keller. Need a video PM to get Sash assets proactively. ","4/28 - Script is being wrapped today.  Kristin is trimming talk track.  

Is there a deck to support this? 

Video needs to go out <2 weeks? Script review EOD 4/21; asset orchestration underway. Have script and storyboard reviewed by Connor. 

Need draft project plan for video completed! Same resources being used for all vids!

Review late last week to get pencils down. Editing to shorten the length.  Gathering assets, should be going into production next week.  No due date.  KW is priority.","Video in production — editing to shorten length, assets being gathered. No hard due date.","Video in production — editing to shorten length, assets being gathered. No hard due date.","Video WIP but will resume once Kristin Saunders is back from PTO. Sasha Freedman waiting on assets. Transcript solid; need visual approval from Blum (after Krisitin has pulled; she needs ""what are we showing?"") ",Video 85% complete. Needs TLC + visual assets. Transcript solid; Blum visual approval needed.,"NEED: Video Screenshots! Script ready to go, production for vid still needs to happen! 
AF Operations vignette visualization needed; not sure how to show just yet. Courtney + Kristen connected on this. Ensure Courtney reviews/blesses these assets. ","NEED: Video Screenshots! Script ready to go, production for vid still needs to happen! 
AF Operations vignette visualization needed; not sure how to show just yet. Courtney + Kristen connected on this. Ensure Courtney reviews/blesses these assets. ","NEED: Video Screenshots! Script ready to go, production for vid still needs to happen! 
AF Operations vignette visualization needed; not sure how to show just yet. Courtney + Kristen connected on this. Ensure Courtney reviews/blesses these assets. ",Been in holding pattern for CEO meeting getting booked. Get meeting locked > ensure content aligns / review w Connor beforehand (earlier the better for feedback!) > finalize video. ,"4/28 - Script is being wrapped today.  Kristin is trimming talk track.  
Is there a deck to support this? 

Video needs to go out <2 weeks? Script review EOD 4/21; asset orchestration underway. Have script and storyboard reviewed by Connor. 
Review late last week to get pencils down. Editing to shorten the length.  Gathering assets, should be going into production next week.  No due date.  KW is priority.",Tim Govan,Kristin Saunders,None,NONE,NONE,NONE,NONE,NONE,Sasha Freedman,,,,,,
Frontdoor,Preserve,Andrew Blum,HeRO,Planning,7/9/2026,"Presenting an overall ""get fit"" in advance of the renewal this July (?). Leading with a Technical Only, Salesforce Only version of the Health & Value Boost. ","UPDATE? 
Last: Presenting an overall ""get fit"" in advance of the renewal this July (?). Leading with a Technical Only, Salesforce Only version of the Health & Value Boost. ","Motion pitched - technical leaning with perms to get into biz process as F/U. Unsure if customer has accepted. 
No update as of 3/31/26","Motion pitched - technical leaning with perms to get into biz process as F/U. Unsure if customer has accepted. 

4/7 - Connecting later this week with primary resource responsible for planning; goal is to execute the health instance scan after their migration work at the end of April. 
- Potentially need to evaluate 2 instances. 
- Also, need to determine the Data Cloud / 360 assessment approach. 
- Discussion underway on an ""architecture review""; need to determine what is the intent and goal. ","UPDATE? 
4/7 - Connecting later this week with primary resource responsible for planning; goal is to execute the health instance scan after their migration work at the end of April. 
- Potentially need to evaluate 2 instances. 
- Also, need to determine the Data Cloud / 360 assessment approach. 
- Discussion underway on an ""architecture review""; need to determine what is the intent and goal. ","UPDATE? 
4/7 - Connecting later this week with primary resource responsible for planning; goal is to execute the health instance scan after their migration work at the end of April. 
- Potentially need to evaluate 2 instances. 
- Also, need to determine the Data Cloud / 360 assessment approach. 
- Discussion underway on an ""architecture review""; need to determine what is the intent and goal. ","Risk: Unhappy account.  Renewal end of June. Need help with Tech Debt.  Do we have an option for hands on keyboard support?
4/27 - Conducted two review sessions of ""what we know"". Quickly turning into a ""now what?"" scenario. 
- how are we handling legacy tech debt in NNAOV world? 
4/20 - Presented priliminary version to Frontdoor; pushback from customer on lack of perspective on our history of their use of Salesforce. Adjusting approach to the overall ""Get Fit"" plan.   
4/7 - Connecting later this week with primary resource responsible for planning; goal is to execute the health instance scan after their migration work at the end of April. 
- Potentially need to evaluate 2 instances. 
- Also, need to determine the Data Cloud / 360 assessment approach. 
- Discussion underway on an ""architecture review""; need to determine what is the intent and goal. ","Risk: Unhappy account.  Renewal end of July. Need help with Tech Debt.  Do we have an option for hands on keyboard support?
5/11 - Formulating guidance doc. Need to share a perspective on 2-10 instance, delivered an org strategy perspective to FD / 2-10 team and need to gather additional information. 
5/4 - Continuing review sessions. Next up is an instance recommendation for their 2-10 New Construction business. Need to shift to recommending next steps. 
4/27 - Conducted two review sessions of ""what we know"". Quickly turning into a ""now what?"" scenario. 
- how are we handling legacy tech debt in NNAOV world? ","Risk: Unhappy account.  Renewal end of July. Need help with Tech Debt.  Do we have an option for hands on keyboard support?
5/11 - Formulating guidance doc. Need to share a perspective on 2-10 instance, delivered an org strategy perspective to FD / 2-10 team and need to gather additional information. 
How are we handling legacy tech debt in NNAOV world? ","Initial set of findings; need to share with FD with a POV on prescription (proserv, success, etc). Gabriel Graberleading  - targeting readout 3rd week of June. Rebuilding trust and looking for opps to save attrition ","Initial set of findings; need to share with FD with a POV on prescription (proserv, success, etc). Gabriel Graberleading  - targeting readout 3rd week of June. Rebuilding trust and looking for opps to save attrition ","Gabriel Graber-led HeRO findings readout targeting this week (3rd week of June). POV on prescription (proserv, success path) being developed. Rebuilding trust; looking for opps to save attrition ahead of July renewal.

Readback 6/22 (mid-level not execs; previously scheduled with CDTO but pushed down level). Relationship improving, but still not getting level of responsiveness we have earned through engagement. Blum sending note. 

END OF JULY RENEWAL! ",Readback 6/22 complete — mid-level attendees (CDTO pushed down). Relationship improving but responsiveness still below expectation. Blum sending follow-up note. POV on proserv/success path in development. End of July Renewal! ,Readback 6/22 complete — mid-level attendees (CDTO pushed down). Relationship improving but responsiveness still below expectation. Blum sending follow-up note. POV on proserv/success path in development. End of July Renewal! ,Readout followed by D360 sessions; need to followup with Kate Burke - Can D360 handle their data issues? Session 7/9 to continue uncovering. Gabriel Graber believes we have turned the corner. NEXT: Surface back to biz via Blum ,"Risk: Unhappy account.  Renewal end of June. Need help with Tech Debt.  Do we have an option for hands on keyboard support?
5/4 - Continuing review sessions. Next up is an instance recommendation for their 2-10 New Construction business. Need to shift to recommending next steps. 
4/27 - Conducted two review sessions of ""what we know"". Quickly turning into a ""now what?"" scenario. 
- how are we handling legacy tech debt in NNAOV world? ",Kate Burke,Maggie Acuna,Premier - see Tsui,NONE,Gabe Graber,NONE,Augustine Doss,NONE,NONE,,,Get Fit Plan,,,"Presenting an overall ""get fit"" in advance of the renewal this July (?). Leading with a Technical Only, Salesforce Only version of the Health & Value Boost. "
Hines,Activate,Andrew Blum,Executive Engagement,In Process,,,"NEW: CEO responded to note from Heather. 
NEED: 
outside in/related industry assets gathered into a strawman POV to get in front of them","4/8 (pushed) CEO meeting - connected with Sonal + Mike Donato for prep
4-5 slide deck WIP: SF footprint across CRE sector, CBRE/JLL peer capabilities","4/8 CEO meeting - Heather, Blum, Mike Donato, Rachel Smith- 15 min aligment today
Mike Donato Sonal Moraes + Rachel Smith Content ","Planning 90 min strat session with Hines leadership focused on Zero Copy, Simplified Architecture, Agentic Interface, Empowered Workforce 
NEED: Resource Alignment ","Planning 90 min strat session with Hines leadership focused on Zero Copy, Simplified Architecture, Agentic Interface, Empowered Workforce 
NEED: Resource Alignment ","Planning 90 min strat session with Hines leadership focused on Zero Copy, Simplified Architecture, Agentic Interface, Empowered Workforce 
NEED: Resource Alignment ","Planning 90 min strat session with Hines leadership focused on Zero Copy, Simplified Architecture, Agentic Interface, Empowered Workforce ","Disco 5/19 - Planning 90 min strat session with Hines leadership focused on Zero Copy, Simplified Architecture, Agentic Interface, Empowered Workforce ",Headless overview 5/27 - Andrew Wilson leading. Should we add Sumit Paliwal to conversation? ,Headless overview 5/27,Mike meeting with Milli today - get FDE engaged here if they are ready to enable Headless! ,"6/16 Mike Donato met with Mili Popat (Head of AI). SIC at Bryant Park interest confirmed. Working session requested to enable Headless — scoping use cases first. FDE engagement being explored. DSR submitted, get FDE resource assigned. ","6/16 Mike Donato met with Mili Popat (Head of AI). SIC at Bryant Park interest confirmed. Working session requested to enable Headless — scoping use cases first. FDE engagement being explored. DSR submitted, get FDE resource assigned. ",Internal Strategy Assessment on how to organize around their premiere accounts before figuring out how to enable with tech; asking to bring us into fold; currently aiming for August SIC; connecting Relina <> CEO. NEXT: Ask to CEO to sponsor bringing us into strategy workshops. ,"Planning 90 min strat session with Hines leadership focused on Zero Copy, Simplified Architecture, Agentic Interface, Empowered Workforce 
NEED: Resource Alignment ",Mike Donato,Sonal Moraes,None,Rachel Smith,Gabe Graber,Andrew Wilson,NONE,NONE,NONE,,,,,,
Hines,Activate,Andrew Blum,AI Workshop,Postponed,,,,,"Account Team (AD, SE, EA, PS) working through rough structure of a proposed plan to share with Hines IT and business Salesforce owners. 
Waiting on outcome from 4/8 mtg Hines C-level (Blum, Unruh, Rachel Smith).","WIP: proposed plan to share with Hines IT and business Salesforce owners 
Holding until Exec Planning complete?","WIP: proposed plan to share with Hines IT and business Salesforce owners 
Holding until Exec Planning complete?","WIP: proposed plan to share with Hines IT and business Salesforce owners 
Holding until Exec Planning complete?
A go for next Wednesday.
Agenda: They share their AI vision and we lead a use case discussion.","5/4 - WIP: proposed plan to share with Hines IT and business Salesforce owners 
Holding until Exec Planning complete? 

Agenda: They share their AI vision and we lead a use case discussion.","Holding until Exec Planning complete? 

Agenda: They share their AI vision and we lead a use case discussion.","Holding until Exec Planning complete? 

Agenda: They share their AI vision and we lead a use case discussion.","Holding until Exec Planning complete? 

Agenda: They share their AI vision and we lead a use case discussion.","Holding until Exec Planning complete? 

Agenda: They share their AI vision and we lead a use case discussion.","Holding until Exec Planning complete? 

Agenda: They share their AI vision and we lead a use case discussion.","Holding until Exec Planning complete? 

Agenda: They share their AI vision and we lead a use case discussion.","Holding until Exec Planning complete? 

Agenda: They share their AI vision and we lead a use case discussion.","5/4 - WIP: proposed plan to share with Hines IT and business Salesforce owners 
Holding until Exec Planning complete? 

Agenda: They share their AI vision and we lead a use case discussion.",Mike Donato,Sonal Moraes,,Rachel Smith,Gabe Graber,NONE,NONE,NONE,NONE,,,,https://app.slack.com/client/E7T5PNK3P/activity-inbox?cdn_fallback=2,,Salesforce owners (businesss and IT) have asked for a workshop to identify AI opportunities. 
JLL,Transform,Andrew Blum,Transformational Engagement,Postponed,7/8/2026,,,,,4/29 Org Assessment for Agentic Readiness as outcome of Agentic CRM demo to Reeves; Michael Ciardullo + Augustine Doss (or Sumit Paliwal ) leading,4/29 Org Assessment for Agentic Readiness as outcome of Agentic CRM demo to Reeves; Michael Ciardullo + Augustine Doss (or Sumit Paliwal ) leading,4/29 Org Assessment for Agentic Readiness as outcome of Agentic CRM demo to Reeves; Michael Ciardullo + Augustine Doss (or Sumit Paliwal) leading,4/29 Org Assessment for Agentic Readiness as outcome of Agentic CRM demo to Reeves; Michael Ciardullo + Augustine Doss (or Sumit Paliwal) leading,4/29 Org Assessment for Agentic Readiness as outcome of Agentic CRM demo to Reeves; Michael Ciardullo + Augustine Doss (or Sumit Paliwal) leading,"Neil not engaging with Blocker - ON HOLD - Agentic Readiness as outcome of Agentic CRM demo to Reeves; Michael Ciardullo + Augustine Doss (or Sumit Paliwal) leading. Get brief together for Relina. Scot asking Relina to spearhead. ""Here is what you need""  ","Neil not engaging with Blocker - ON HOLD - Agentic Readiness as outcome of Agentic CRM demo to Reeves; Michael Ciardullo + Augustine Doss (or Sumit Paliwal) leading. Get brief together for Relina. Scot asking Relina to spearhead. ""Here is what you need""  ","NEIL STILL NOT ENGAGING W SCOT! - ON HOLD - Agentic Readiness as outcome of Agentic CRM demo to Reeves; Michael Ciardullo + Augustine Doss (or Sumit Paliwal) leading. Get brief together for Relina. Scot asking Relina to spearhead. ""Here is what you need""  ","NEIL STILL NOT ENGAGING W SCOT! - ON HOLD - Agentic Readiness as outcome of Agentic CRM demo to Reeves; Michael Ciardullo + Augustine Doss (or Sumit Paliwal) leading. Get brief together for Relina. Scot asking Relina to spearhead. ""Here is what you need""  ","NEIL STILL NOT ENGAGING W SCOT! - ON HOLD - Agentic Readiness as outcome of Agentic CRM demo to Reeves; Michael Ciardullo + Augustine Doss (or Sumit Paliwal) leading. Get brief together for Relina. Scot asking Relina to spearhead. ""Here is what you need""  ","Prepping Scot/Relina for call with Neil Murray. 
Focus 1: Scot asking Relina to spearhead ""Here is what you need"" - Get brief together for Relina. Agentic CRM demo to Reeves; Michael Ciardullo + Augustine Doss (or Sumit Paliwal) leading. 
Focus 2: Leveraging REWS instance of FS as primary with significant integration between SF and Corrigo; ISV team engaged as possible shift to ""pilot Corrigo replacement"" ",4/29 Org Assessment for Agentic Readiness as outcome of Agentic CRM demo to Reeves; Michael Ciardullo + Augustine Doss (or Sumit Paliwal) leading,Joey Brown,Michael Ciardullo,None,Rachel Smith,Gabe Graber,NONE,Augustine Dios,Oye Coker-Dickens,Priya Stipe,,,,,,
JLL,Transform,Andrew Blum,RFx,Postponed,,,,,,"NEW: JLL putting out an RFP similar to CBRE's Savannah 
Priya & Rachel to meet with JLL 4/21 to understand more",JLL releasing RFP similar to CBRE's Savannah - kickoff 4/21,Aligning resources for Rev Cloud demo (in advance of?) JLL releasing RFP ,Rev Cloud RFP demo (Keystone) pushed from 5/18 — prep call needed first (CFO-driven requirements). Tableau renewal exec readout targeting 5/20 w/ Reeves Davis + Steven Newman. CFO Symposium deck (5/27) being built — to Sarah Israel EOD 5/6. Pricing validity deadline 5/29 — need to confirm extension ASAP.,"Rev Cloud RFP demo (Keystone) prep call 5/19 (CFO-driven requirements). 
Tableau renewal exec readout targeting 5/20 w/ Reeves Davis + Steven Newman. 
CFO Symposium deck (5/27) being built — to Sarah Israel EOD 5/6. 
Pricing validity deadline 5/29 — need to confirm extension ASAP.","Messaging back re: Jack request for updated pricing. 
CFO Symposium deck (5/27) being built — to Sarah Israel EOD 5/6. 
Pricing validity deadline 5/29 — need to confirm extension ASAP.","Messaging back re: Jack request for updated pricing. 
CFO Symposium deck (5/27) being built — to Sarah Israel EOD 5/6. 
Pricing validity deadline 5/29 — need to confirm extension ASAP.",WHERE ARE WE HERE? LAST: SAID NO TO SENDING OLD PRICING. ,WHERE ARE WE HERE? LAST: SAID NO TO SENDING OLD PRICING. ,WHERE ARE WE HERE? LAST: SAID NO TO SENDING OLD PRICING. ,WHERE ARE WE HERE? LAST: SAID NO TO SENDING OLD PRICING. ,"Rev Cloud RFP demo (Project Keystone) being scheduled — JLL cross-functional audience (Pricing, Solutions, Sourcing, Tech, Commercial). Time slots being confirmed. ",Joey Brown,Michael Ciardullo,None,Rachel Smith,Gabe Graber,NONE,NONE,Oye Coker-Dickens,Priya Stipe,,,,,,
JLL,Transform,Andrew Blum,Transformational Engagement,In Process,,AF + DC teams need to engage - scoping. Moving this into Q1 deal. Shift from end of year big transformation and take down something now. NEED: Identify AF resource (Lindsey Callahan shifting) ,"UPDATE? 
Ongoing meetings with JLL Stakeholders to for outcome-based path to success. 
Engaged: Sumit Paliwal + Coco Deng-Kral ; aligning with PS team led by Taylor Hunt and Charu Sharma with context from last year's AF POC & relationships. ","Alex: No word on Neil regroup w Blocker yet. ISV team and BVS aligned for whenever the Corrigo replacement workstream picks back up. 
4/8 - Demo for ""agentic CRM"" to Reeves.","4/7 - Demo still on track for 4/8 to demo new product such as Sales Workspace, Agentic Prospecting
Alex: No word on Neil regroup w Blocker yet. ISV team and BVS aligned for whenever the Corrigo replacement workstream picks back up. 
4/8 - Demo for ""agentic CRM"" to Reeves.","JLL team meeting w REWS in Chicago 4/30 to define scope of customer zero - ISV team engaged as a possible shift to ""pilot Corrigo replacement""","JLL team meeting w REWS in Chicago 4/30 to define scope of customer zero - ISV team engaged as a possible shift to ""pilot Corrigo replacement""","4/28 - Focus is on leveraging the REWS instance of FS as the primary, with a significant degree of integration between Salesforce and Corrigo. Mule and D360 in consideration; unsure of use case for Informatica. 
JLL team meeting w REWS in Chicago 4/30 to define scope of customer zero - ISV team engaged as a possible shift to ""pilot Corrigo replacement""","4/28 - Focus is on leveraging the REWS instance of FS as the primary, with a significant degree of integration between Salesforce and Corrigo. Mule and D360 in consideration; unsure of use case for Informatica. 
JLL team meeting w REWS in Chicago 4/30 to define scope of customer zero - ISV team engaged as a possible shift to ""pilot Corrigo replacement""","Focus is on leveraging the REWS instance of FS as the primary, with a significant degree of integration between Salesforce and Corrigo. 
ISV team engaged as a possible shift to ""pilot Corrigo replacement""
Next Steps? ","Focus is on leveraging the REWS instance of FS as the primary, with a significant degree of integration between Salesforce and Corrigo. 
ISV team engaged as a possible shift to ""pilot Corrigo replacement""
Next Steps? ","Focus is on leveraging the REWS instance of FS as the primary, with a significant degree of integration between Salesforce and Corrigo. 
ISV team engaged as a possible shift to ""pilot Corrigo replacement""
Next Steps? ","NO CHANGE! LAST: Focus is on leveraging the REWS instance of FS as the primary, with a significant degree of integration between Salesforce and Corrigo. 
ISV team engaged as a possible shift to ""pilot Corrigo replacement""
Next Steps? [RACHEL CONSOLIDATE WITH ROW 17)","NO CHANGE! LAST: Focus is on leveraging the REWS instance of FS as the primary, with a significant degree of integration between Salesforce and Corrigo. 
ISV team engaged as a possible shift to ""pilot Corrigo replacement""
Next Steps? [RACHEL CONSOLIDATE WITH ROW 17)","NO CHANGE! LAST: Focus is on leveraging the REWS instance of FS as the primary, with a significant degree of integration between Salesforce and Corrigo. 
ISV team engaged as a possible shift to ""pilot Corrigo replacement""
Next Steps? [RACHEL CONSOLIDATE WITH ROW 17)","NO CHANGE! LAST: Focus is on leveraging the REWS instance of FS as the primary, with a significant degree of integration between Salesforce and Corrigo. 
ISV team engaged as a possible shift to ""pilot Corrigo replacement""
CONSOLIDATING/REMOVING ROW","4/28 - Focus is on leveraging the REWS instance of FS as the primary, with a significant degree of integration between Salesforce and Corrigo. Mule and D360 in consideration; unsure of use case for Informatica. 
JLL team meeting w REWS in Chicago 4/30 to define scope of customer zero - ISV team engaged as a possible shift to ""pilot Corrigo replacement""",Joey Brown,Michael Ciardullo,None,"Daio Lamers, Rachel Smith",Gabe Graber,NONE,Sumit Paliwal,Oye Coker-Dickens,Alex Russell,,,"Planning deck , IFM Deck",,,4 potential workstreams being validated with ELT - Driven primarily by BLT convos given our recent consolidation to JLL as our primary IFM vendor.
Colliers,Solidify,Andrew Blum,Architecture Review,Completed,,AD presenting a H&V Boost to sales leader (Frank). ,H&V boost presented? ,"CIO Mtg 3/31 - Heather, Blum, Mike Donato
Rachel Smith prepped content with Mike + Sonal Moraes","4/7 - Need to determine what content needs to be built and confirm the date.

F/U 1hr w/ Kathleen w/o 4/13: SF CRM Innovation, CRE Industry Practices, Google Partnership, Health Assessment Overview
EA team to be pulled in for proposed health motion
Blum/AD to work on renewal scenarios in parallel; outputs from Kathleen discussions to inform June renewal
Heather confirmed Rachel and Sonal need to be on the Kathleen calls","4/13: SF CRM Innovation, CRE Industry Practices, Google Partnership, Health Assessment Overview - Content WIP (Mike Donato+ Sonal Moraes)
EA team to be pulled in for proposed health motion
Blum/AD to work on renewal scenarios in parallel","SF CRM Innovation, CRE Industry Practices, Google Partnership, Health Assessment Overview Alignment Mtg 4/23 ","Kathleen F/U Needed with Current Contract overview vs. CRM Innovation 
4/28 - Delivered overview for Kathleen end of last week. Immediate response around H&V was ""not now; too much effort"" and referenced past engagements. Need to establish much lower effort required. ","Delivered overview to Kathleen. Initial response around H&V was ""not now; too much effort."" Need to reframe around lower effort required.","Delivered overview to Kathleen. Initial response around H&V was ""not now; too much effort."" Need to reframe around lower effort required.","Light engagement until post-renewal (June 6). 
Expecting attrition (not managed as global account; biggest footprint outside US and much lower PPU $) ","Renewal engagement status and next architecture steps? Attrition risk remains (non-global account, lower PPU, largest footprint outside US).","6/6 Renewal? Attrition risk remains (non-global account, lower PPU, largest footprint outside US). H&V reframe to lower-effort approach in progress. Next architecture steps TBD","6/6 Renewal? Attrition risk remains (non-global account, lower PPU, largest footprint outside US). H&V reframe to lower-effort approach in progress. Next architecture steps TBD","6/6 Renewal? Attrition risk remains (non-global account, lower PPU, largest footprint outside US). H&V reframe to lower-effort approach in progress. Next architecture steps TBD","6/6 Renewal? Attrition risk remains (non-global account, lower PPU, largest footprint outside US). H&V reframe to lower-effort approach in progress. Next architecture steps TBD","Kathleen F/U Needed with Current Contract overview vs. CRM Innovation 
Delivered overview for Kathleen end of last week. Immediate response around H&V was ""not now; too much effort"" and referenced past engagements. Need to establish much lower effort required. ",Mike Donato,Sonal Moraes,None,Rachel Smith,Gabe Graber,NONE,NONE,Oye Coker-Dickens,NONE,,,,,,
JLL,Transform,Andrew Blum,Proposals,In Process,,,,,,,,,5/5 Backup & Restore Proposal - request for polish no deck,5/20 SELA updated proposal pending,"Tableau renewal exec readout targeting 5/20 w/ Reeves Davis + Steven Newman. renewal EO July 
","Tableau renewal exec readout targeting 5/20 w/ Reeves Davis + Steven Newman. renewal EO July 
","PROGRESSING - Tableau renewal exec readout targeting 5/20 w/ Reeves Davis + Steven Newman. renewal EO July 

SHIELD/SPLUNK ISSUE? PER Samantha Ziemianski HAVE THE RIGHT RESOURCE ENGAGED BUT 4+ WEEKS RESOLUTION AND HAS STALLED POC. ","PROGRESSING - Tableau renewal exec readout targeting 5/20 w/ Reeves Davis + Steven Newman. renewal EO July 

SHIELD/SPLUNK ISSUE? PER Samantha Ziemianski HAVE THE RIGHT RESOURCE ENGAGED BUT 4+ WEEKS RESOLUTION AND HAS STALLED POC. ","PROGRESSING - Tableau renewal exec readout targeting 5/20 w/ Reeves Davis + Steven Newman. renewal EO July 

SHIELD/SPLUNK ISSUE? PER Samantha Ziemianski HAVE THE RIGHT RESOURCE ENGAGED BUT 4+ WEEKS RESOLUTION AND HAS STALLED POC. ",Shield POC exec readout 7/9 (overcome largest tech obstacles) — targeting CISO and President of Tech presentation. Estimated $4.4M annual business impact; $399K Shield investment scoped. JLL MeshMesh pilot next steps being defined with Reeves Davis. Tableau renewal EO July. Splunk/Shield POC progressing.,5/5 Backup & Restore Proposal - request for polish no deck,Joey Brown,Michael Ciardullo,None,Rachel Smith,,,,Oye Coker-Dickens,,,,,,,
Keller Williams,Activate,Andrew Blum,Executive Narratives,In Process,,"Using 3/18 meeting with Ryan Fredick (friendly) to get thoughts on strategic partnership perspective & options - plug & play augmentation of Command, unified platform strategy, revenue engine through app marketplace/ecosystem (AppExchange), data monetization. Plan would be to deepen the perspective & then take it to CTO next.  ","3/18 Ryan Fredick UPDATE? 
Last: meeting with Ryan Fredick (friendly) to get thoughts on strategic partnership perspective & options - plug & play augmentation of Command, unified platform strategy, revenue engine through app marketplace/ecosystem (AppExchange), data monetization. Plan would be to deepen the perspective & then take it to CTO next.  ",Command reverse demo on Thursday with a power user; meeting on 4/6 with Chris cox. Resources needed? ,"Meeting on 4/6 with Chris Cox (30 min) - ISV team prepped, will review to ensure that our partnership model options make sense. Will regroup after that meeting to see what we need to build out further. 
Priya Stipe will get update - GTM partership POV mtg w Chris Cox ","Chris Cox GTM partnership POV - Ensure this language (OEM specific) is incorporated into KW video. 
NEW: Sizzle video needed; exec meeting has been scheduled. ISV team engaged
If we can get scripts finalized, Sasha can begin vid build and fill in with demo assets. Maggie Acuna taking first draft of script; will need to PM for Sash. ","4/21 - Targeting ""pencil's down"" EOD on script.
Account Team finalizing video script; review with Sasha Freedman EOW ","4/28 - Script is completed. Maggie working on assets with a team of SE's
Pencils down Sasha Freedman WIP ","5/11 - Partnership meeting last week. Team is convening this week to determine next steps. KW team to share video overview of Command and schedule a live walkthrough. Should we close?

Video Complete","Team is convening this week to determine next steps. KW team to share video overview of Command and schedule a live walkthrough. Should we close?
Video Complete","Team is convening this week to determine next steps. KW team to share video overview of Command and schedule a live walkthrough. Should we close?
Video Complete","Team is convening this week to determine next steps. KW team to share video overview of Command and schedule a live walkthrough. Should we close?
Video Complete","STALLED WITH ORG CHANGES HAPPENING AT KW - HALF ENGINEERING LEFT FOR LONE WOLF; REVISING APPROACH. 

ENGAGE MIGUEL? RE: STONEPOINT + KW + LONE WOLF; MEREDITH CAN REQUEST","STALLED WITH ORG CHANGES HAPPENING AT KW - HALF ENGINEERING LEFT FOR LONE WOLF; REVISING APPROACH. 

ENGAGE MIGUEL? RE: STONEPOINT + KW + LONE WOLF; MEREDITH CAN REQUEST","STALLED WITH ORG CHANGES HAPPENING AT KW - HALF ENGINEERING LEFT FOR LONE WOLF; REVISING APPROACH. 

ENGAGE MIGUEL? RE: STONEPOINT + KW + LONE WOLF; MEREDITH CAN REQUEST","STALLED WITH ORG CHANGES HAPPENING AT KW - HALF ENGINEERING LEFT FOR LONE WOLF; REVISING APPROACH. 

ENGAGE MIGUEL? RE: STONEPOINT + KW + LONE WOLF; MEREDITH CAN REQUEST (Blum connecting with Mere RVP next week) ",Video WIP ,Kate Burke,Maggie Acuna,Premier - see Tsui,NONE,Gabe Graber,NONE,NONE,NONE,,,,Partnership Strategy PoV,,,"Intake Meeting Notes Link
Opportunity to position Salesforce as a partner beyond Tab & Slack. KW has a homegrown CRM (Command) & building an open platform architecture to buy vs. build new capabilities on Command. "
Conduent,Solidify,Duncan Gladwin,Proposals,Completed,,,,,,,"Attrited 1M in Feb; Have 1.9 in front for Informatica - out of support in May so compelling event. Meeting w procurement 4/22. Might slip, but currently no support needed. 

Get on Dan's radar! ","4/28 - customer asking for Hubbl scan of all 5 orgs. Am ensuring we ""want"" to do this based on customer company health and recent attrits
Attrited 1M in Feb; Have 1.9 in front for Informatica - out of support in May so compelling event. Meeting w procurement 4/22. Might slip, but currently no support needed. 

Proposal added > Get on Dan's radar! 

Ali Jarosch to get update on hubbl scan","Ali Jarosch to get update on hubbl scan - customer asking for Hubbl scan of all 5 orgs. Ensuring we ""want"" to do this based on customer company health and recent attrits
Attrited 1M in Feb; Have 1.9 in front for Informatica - out of support in May so compelling event. Meeting w procurement 4/22. Might slip, but currently no support needed.",5/19/2026 - reached out to customer to see if there are anymore questions and their desire to move forward with Hubbl scans,5/19/2026 - reached out to customer to see if there are anymore questions and their desire to move forward with Hubbl scans,5/19/2026 - reached out to customer to see if there are anymore questions and their desire to move forward with Hubbl scans,5/19/2026 - reached out to customer to see if there are anymore questions and their desire to move forward with Hubbl scans,5/19/2026 - reached out to customer to see if there are anymore questions and their desire to move forward with Hubbl scans,5/19/2026 - reached out to customer to see if there are anymore questions and their desire to move forward with Hubbl scans,5/19/2026 - reached out to customer to see if there are anymore questions and their desire to move forward with Hubbl scans,"Ali Jarosch to get update on hubbl scan - customer asking for Hubbl scan of all 5 orgs. Ensuring we ""want"" to do this based on customer company health and recent attrits
Attrited 1M in Feb; Have 1.9 in front for Informatica - out of support in May so compelling event. Meeting w procurement 4/22. Might slip, but currently no support needed.",Greg Scalley,Antony Fewster,,NONE,Alexandra Scott,NONE,NONE,"Wes Frye, Simon Olenick (foundation BVS)",NONE,,,Proposal Duncan posted to POD channel,Conduent Business Services,,
H&R Block,Solidify,Duncan Gladwin,HeRO,Planning,7/14/2026,,,,,"Possible Marc meeting at H&R Block, possible video ask - AR working with team on defined vision, SE working on video script for now","Likely will offer Hubbl scan along with data quality scan as we position CCaaS and D360. Sharing information with AD to show similiar motion conducted with Moodys
Marc meeting at H&R Block, possible video ask - Alex Russell working on narrative
Wes Frye We should check in on the proposal to see how is coming along for big Q2 deal.","4/28 MEt with customer last evening to share our immediate recommendations (bring Chat back to Salesforce, leverage MuleSoft to fortify homegrown APIs and data movement. Proposed Hubbl scan and CSG also leaning in ofr security review
Likely will offer Hubbl scan along with data quality scan as we position CCaaS and D360. Sharing information with AD to show similiar motion conducted with Moodys
Marc meeting at H&R Block, possible video ask - Alex Russell working on narrative
Wes Frye We should check in on the proposal to see how is coming along for big Q2 deal.","Met with customer to share our immediate recommendations (bring Chat back to Salesforce, leverage MuleSoft to fortify homegrown APIs and data movement. Proposed Hubbl scan and CSG also leaning in ofr security review
Likely will offer Hubbl scan along with data quality scan as we position CCaaS and D360. Sharing information with AD to show similiar motion conducted with Moodys
Marc meeting at H&R Block, possible video ask - Alex Russell working on narrative
Wes Frye We should check in on the proposal to see how is coming along for big Q2 deal.","Hubbl and ATHR completed and results shared with customer. 
1 Hour 5/20 with PS team to scope out Hubbl recommmendations.
HRB is also a Signature Success Trial through September. Security Health Report completed with Hubbl scan; ATHR due later in May. PS scoping call tomorrow refining SOW from approved ARI funds.","Data Fondations meeting Friday to uncover clients data model and matching requirements, DQ and integration patterns.
Hubbl and ATHR completed and results shared with customer. 
1 Hour 5/20 with PS team to scope out Hubbl recommmendations.
HRB is also a Signature Success Trial through September. Security Health Report completed with Hubbl scan; ATHR due later in May. PS scoping call tomorrow refining SOW from approved ARI funds.","Data Foundations meeting Friday to uncover clients data model and matching requirements, DQ and integration patterns.
Hubbl and ATHR completed and results shared with customer. 
1 Hour 5/20 with PS team to scope out Hubbl recommmendations.
HRB is also a Signature Success Trial through September. Security Health Report completed with Hubbl scan; ATHR due later in May. PS scoping call tomorrow refining SOW from approved ARI funds.","Hubbl and ATHR complete and shared with customer. HRB Signature Success Trial through September. 
6/12 Signature Success meeting: $1M PS investment being reallocated from Work.com renewal to AI readiness and platform stability. Early renewal and investment formally deferred to July (HRB fiscal year-end). 
Key debate: renovate existing instance vs. full rebuild. Jonathan delivering formal proposal with investment + renewal terms. ","6/23/2026 internal alignment for org recommendatins Green vs Brown (worry if they go net new org they will attrit
Hubbl and ATHR complete and shared with customer. HRB Signature Success Trial through September. 
6/12 Signature Success meeting: $1M PS investment being reallocated from Work.com renewal to AI readiness and platform stability. Early renewal and investment formally deferred to July (HRB fiscal year-end). 
Key debate: renovate existing instance vs. full rebuild. Jonathan delivering formal proposal with investment + renewal terms. ","6/30: Completed ExPAt Hubbl Scan- and will schedule time to debrief with HRB when they are back in office. We are also going to have CSG position another Hubbl scan a=on Work.com org. Recommendation is brown field. All case management in one org. Big question is how we handle HR cases. Move them to case mgt org? Working with Pro serve on how they can lock down custom fields hr related. They are out this week. End of fiscal today. Back in front of them mid next week. 
ARI: Pressing forward to building compelling event with early renewal.  Customer concern: Is org AI ready?
Next Step: Working with PS team on security recommendation with HR cases in org

6/23/2026 internal alignment for org recommendatins Green vs Brown (worry if they go net new org they will attrit
Hubbl and ATHR complete and shared with customer. HRB Signature Success Trial through September. 
6/12 Signature Success meeting: $1M PS investment being reallocated from Work.com renewal to AI readiness and platform stability. Early renewal and investment formally deferred to July (HRB fiscal year-end). 
Key debate: renovate existing instance vs. full rebuild. Jonathan delivering formal proposal with investment + renewal terms. ","ExPAt Hubbl Scan completed. Debrief with HRB to be scheduled — team is out this week, reconnecting mid-next week. CSG positioning second Hubbl scan on Work.com org. Recommendation is brownfield — all case management in one org. PS team engaged on security recommendation for HR cases. Early renewal compelling event in development. Sig Success Trial through September.","Met with customer to share our immediate recommendations (bring Chat back to Salesforce, leverage MuleSoft to fortify homegrown APIs and data movement. Proposed Hubbl scan and CSG also leaning in ofr security review
Likely will offer Hubbl scan along with data quality scan as we position CCaaS and D360. Sharing information with AD to show similiar motion conducted with Moodys
Marc meeting at H&R Block, possible video ask - Alex Russell working on narrative
Wes Frye We should check in on the proposal to see how is coming along for big Q2 deal.",Jonathan Cournoyer,Kyle Cooke,Cole McMeen,NONE,Alexandra Scott,NONE,NONE,Wes Frye,Alex Russell,,,,HRB Tax Group,,
Aramark,Preserve,Duncan Gladwin,Executive Narratives,In Process,,Alex Russellmtg with partnership team 3/17. 3/31 is exploratory meeting. Nothing needed at this time. ,Meeting scheduled for 3/31 at Aramark HQ - Alex and Melissa supporting. Nothing needed. Partnership ideation focused,"All Set for 3/31 onsite - ""partnership innovation""",Working on slides framing potential joint GTM following offsite,"Coming to NYC tower for a tour around NYWT. Working on introduction to SIC team as potential customer/paternserhip. Delivered initial partnership ideas, awaiting feedback from Aramark","Coming to NYC tower for a tour around NYWT. Working on introduction to SIC team as potential customer/paternserhip. Delivered initial partnership ideas, awaiting feedback from Aramark","Partnership Ideas - In Review; Renewal - Tracking for September 
4/29 Current SIC GTM Approach + Nirvana - Alex Russellsupporting
(Immersive SIC Experience conversation reignited with Patrick Stokes)
","Partnership Ideas - In Review; Renewal - Tracking for September 
4/29 Current SIC GTM Approach + Nirvana - Alex Russellsupporting
(Immersive SIC Experience conversation reignited with Patrick Stokes)

5/12 BVS -- Sales Strategy customer meeting last week on monetizing ARMK data.   (Also asked to spin up biz case for adding 550 CRM Analytics seats)

New: End of May/Early June art of possible presentation - aiming for renewal pull forward from Oct to July.","550 CRM Analytics seats Wes Frye - Close Biz Case Gaps re: retention 
June 17th Meeting with 5 Presidents). with fast follow SIC art of possible presentation - aiming for renewal pull forward from Oct to July. 
[What support from Multipliers needed?]","550 CRM Analytics seats 
What support from Multipliers needed?
Maturity score dropped 5%+ MoM per Watchtower 5/20 
Wes Frye - Working slide on why upgrade to A1E  (5/26)
6/3 Headless convo - NEED SUPPORT 
6/15 Onsite mtg with OU heads - Can Alex Russell or Heather support? ",550 CRM Analytics seats. Maturity score dropped to 16 (from 25 MoM). Headless 360 deck presented 6/3 — well received. 6/15 onsite with OU heads — Alex Russell / Heather support needed. Wes Frye A1E upgrade slide in progress (5/26). AFO SIC outreach sent for 6/22-6/23. 6/17 SIC target.,550 CRM Analytics seats. Maturity score dropped to 16 (from 25 MoM). Headless 360 deck presented 6/3 — well received. 6/15 onsite with OU heads complete. Wes Frye A1E upgrade slide in progress. AFO SIC outreach sent for 6/22-6/23. 6/17 SIC target. Sig Success Trial ends July. Ask around data cleanup. ,6/17 meeting with 5 Presidents complete. AFO SIC 6/22-6/23. Sig Success Trial ends July. Maturity score dropped to 16 (from 25 MoM) — recovery path being assessed. Renewal Proposal delivery 6/22. Have scoped data cleanup 16 week $850K,"6/17 meeting with 5 Presidents complete. AFO SIC 6/22-6/23. Sig Success Trial ends July. Maturity score dropped to 16 (from 25 MoM) — recovery path being assessed. Renewal Proposal delivery 6/22. Have scoped data cleanup 16 week $850K. Renewal call pushed until after break. ""still collecting information"". Elaine got invite from Claire MLB all star game invite. Waiting on times to meet with Sean Luster,","SSL certificate renewed by Aramark 7/3 — storefront impact avoided. Agentforce default PSL troubleshooting in progress ahead of pilot go-live to 215 sales users; migrating to AEA, pending customer feedback. Renewal call still deferred — customer ""still collecting information."" Waiting on times to meet with Sean Luster. Elaine pursuing MLB All-Star Game connection with Claire.","Partnership Ideas - In Review; Renewal - Tracking for September 
4/29 Current SIC GTM Approach + Nirvana - Alex Russellsupporting
(Immersive SIC Experience conversation reignited with Patrick Stokes)

5/5 BVS -- asked to spin up biz case for adding 550 CRM Analytics seats

New: End of May/Early June art of possible presentation - aiming for renewal pull forward from Oct to July.",Nick Bruni,Poonam Patel,None,NONE,Alexandra Scott,NONE,NONE,Wes Frye,Alex Russell,,,Innovation jam slides, Slack Channel,,3/31 Wkshop Partnership workshop planned for 3/31 to discuss joint GTM opptys
D&B,Transform,Duncan Gladwin,POC,In Process,,Call tomorrow with Antony Fewster to understand overall oppty and implications of ECI POC success. Engage product team for Gong compete intel/how roadmap has evolved. ,"3/18 POC internal review: CRO top priority; CEO update planned next week. Competitive vs. Gong — most customer requirements met OOB. 
Key risks: Teams integration + ECI in customer sandbox (no prior pre-sales precedent). 
Fast start via CSG for Teams/ECI setup being pursued. Evaluation expected 4–6 weeks. 
Heather granted approval for POC 
Next steps: Aligning PM and CSG support for fast start ECI offering, expert guidance, and Phil Cooper support as CCO. ",Updated resourcing decisions & timeline for 4/8 UAT? ,STUCK - Laura Case - D&B Teams/Outlook IT not engaging,"STILL STUCK - Laura Case - D&B Teams/Outlook IT not engaging (we are ready when they are)
Sales Ops will be at NYWT - Duncan Gladwin coordinating high impact sessions and potential readout ","As of 4/17, a Tech PM (Ian Tyreman) has been assigned. ECI expert coaching is now tentatively scheduled for next week (4/21–4/22)
Wes Frye and Antony agreed to spin up a biz case to estimate benefits of voice / sentiment.  ","As of 4/17, a Tech PM (Ian Tyreman) has been assigned. ECI expert coaching is now tentatively scheduled for next week (4/21–4/22)
Wes Frye and Antony agreed to spin up a biz case to estimate benefits of voice / sentiment.  ","POC officially kicked off week of 5/4! Tech PM Ian Tyreman assigned. ECI activated 4/28. 4 active blocker support cases being worked w/ Joe Cefalu. Flex credit spike under investigation. Postponed → In Process

5/12 BVS - Antony, Laura, Wes discussed POC KPIs to collect/measure impact.","Flex credit spike under investigation. (From Gong compete POC) 
Alexandra Scott pursuing Hubbl for them 
Internal D&B Strat Session 5/20 - will get update post","Account Team Summit 5/20 — new ELT leadership, CPQ→RCA/RCB migration interest, CRM Consultant discovery received. AF Voice demo held 5/22. Hubbl scan interest confirmed. Flex credit spike still under investigation. Internal Strat Session 5/20 complete. NEXT STEPS?","Account Team Summit 5/20 — new ELT leadership, CPQ→RCA/RCB migration interest, CRM Consultant discovery received. AF Voice demo held 5/22. Hubbl scan interest confirmed. Flex credit spike still under investigation. Internal Strat Session 5/20 complete. NEXT STEPS?","6/16/2026 Working to complete 4 Hubbl scans (one left to approve) as DNB seeks to consolidate. Single consultant who is building out the Art of Possible (account team unsure of qualifications 🫠
NO CHANGE! LAST: Account Team Summit 5/20 — new ELT leadership, CPQ→RCA/RCB migration interest, CRM Consultant discovery received. AF Voice demo held 5/22. Hubbl scan interest confirmed. Flex credit spike still under investigation. Internal Strat Session 5/20 complete. NEXT STEPS?","6/23/2026 completed all 4 scans- readback scheduled for Monday on 3 orgs
6/16/2026 Working to complete 4 Hubbl scans (one left to approve) as DNB seeks to consolidate. Single consultant who is building out the Art of Possible (account team unsure of qualifications 🫠
NO CHANGE! LAST: Account Team Summit 5/20 — new ELT leadership, CPQ→RCA/RCB migration interest, CRM Consultant discovery received. AF Voice demo held 5/22. Hubbl scan interest confirmed. Flex credit spike still under investigation. Internal Strat Session 5/20 complete. NEXT STEPS? Need to Ideahelix doing demo of ARM and CPQ and how they can co-exist while implementing. Next Hubbl scan readouts 6/25. More complete readout after internal calls today.","6/30/2026 - Delivered readback on all 3 new scans. Need to identify where and how to support their consolidation efforts.
6/23/2026 completed all 4 scans- readback scheduled for Monday on 3 orgs
6/16/2026 Working to complete 4 Hubbl scans (one left to approve) as DNB seeks to consolidate. Single consultant who is building out the Art of Possible (account team unsure of qualifications 🫠
NO CHANGE! LAST: Account Team Summit 5/20 — new ELT leadership, CPQ→RCA/RCB migration interest, CRM Consultant discovery received. AF Voice demo held 5/22. Hubbl scan interest confirmed. Flex credit spike still under investigation. Internal Strat Session 5/20 complete. NEXT STEPS? Need to Ideahelix doing demo of ARM and CPQ and how they can co-exist while implementing. Next Hubbl scan readouts 6/25. More complete readout after internal calls today.  6/30 Need to get closer to this. CT Altera looking to do final demo by end of July. Need architecture back up for PTO. Need to refine our recommendation on moving everything to north american org. 

Next Steps: Internal strategy call based on what Mary heard from Parinda.",Readback on all 3 new Hubbl scans delivered. Next step: identify how to support their org consolidation efforts. CT Altera targeting final demo by end of July. Architecture recommendation on moving to North American org being refined. Internal strategy call in progress based on intel from Parinda. Need architecture resource backup coverage for PTO.,"Dev team and EPAM leading AF POC.  Account team to stay close to remove any blockers.

5/5 BVS - asked to start building a joint biz case for Voice & Sentiment analysis",Mary Briatico,Antony Fewster,None,Laura Case (POC Lead),Alexandra Scott,NONE,"Or Cingilli, Jake Connors",Wes Frye,NONE,,"DSR
EA DSR",,dnb-agentforce-for-sales-gong-compete,oppty-dnb-agentforce-for-sales-gong-compete ,"D&B is evaluating Agentforce for Sales as a head-to-head Gong compete. They're looking to run a POC/pilot with 20–30 sellers in North America, targeting a go-live of April 1."
Equinox,Solidify,Duncan Gladwin,Executive Narratives,Completed,,,,,,CKO2 - Equinox been asked to present; may be activity here ,"CKO2 - Equinox been asked to present; may be activity here 
Wes Frye Team wants a way to show benefits of CTO/AES Svcs.","CKO2 - Equinox been asked to present; may be activity here 
Wes Frye Team wants a way to show benefits of CTO/AES Svcs.","CKO2 - Equinox been asked to present; may be activity here 
Wes Frye Team wants a way to show benefits of CTO/AES Svcs.","CLOSE? CKO2 - Equinox been asked to present; may be activity here 
Wes Frye Team wants a way to show benefits of CTO/AES Svcs.","CLOSE? CKO2 - Equinox been asked to present; may be activity here 
Wes Frye Team wants a way to show benefits of CTO/AES Svcs.","CLOSE? CKO2 - Equinox been asked to present; may be activity here 
Wes Frye Team wants a way to show benefits of CTO/AES Svcs.","CLOSE? CKO2 - Equinox been asked to present; may be activity here 
Wes Frye Team wants a way to show benefits of CTO/AES Svcs.","CLOSE? CKO2 - Equinox been asked to present; may be activity here 
Wes Frye Team wants a way to show benefits of CTO/AES Svcs.","CLOSE? CKO2 - Equinox been asked to present; may be activity here 
Wes Frye Team wants a way to show benefits of CTO/AES Svcs.","CLOSE? CKO2 - Equinox been asked to present; may be activity here 
Wes Frye Team wants a way to show benefits of CTO/AES Svcs.","CKO2 - Equinox been asked to present; may be activity here 
Wes Frye Team wants a way to show benefits of CTO/AES Svcs.",Mary Briatico ,Lisa Evetts,,NONE,NONE,NONE,NONE,Wes Frye,NONE,,,,Equinox Fitness Clubs,,
Equifax,Solidify,Duncan Gladwin,Executive Engagement,In Process,8/10/2026,"3/18 org-by org view of SF Footprint - Value Alignment — the most urgent and high-visibility motion right now. Oppty to lean in with CSG - all hinges on outcome of tomorrow's call. Looking to invest in them - 20M renewal this year, investigating SELA as option. ","Outcome? 3/18 org-by org view of SF Footprint 
Nick Oldham (COO/SVP) asked for a clear, objective org-by-org view of the Salesforce footprint + licensing/consumption. Urgent/High Viz","CC: Looking to engage Robin for a COFO to COFO meeting. 

March 26th: Capabilities discussion with Jonathan/Tina on Agentforce vision - OUTCOME? 

Developing Northstar POV deck with all cloud POVs (Data 360, Marketing, MuleSoft, etc.)
Target prospect list creation and outreach
Financial Analytics Demo Booth planned for April 10th
The team is executing a multi-pronged strategy to defend the renewal while building momentum for expansion — contact center modernization, Data 360 adoption, and broader platform value realization across their enterprise.","F/U - COFO to COFO? 
HOLD on ANY additional engagements til Ronald (COE lead) are back from PTO (not sure why this is here)
4/10 Demo - NEED INFO! [Financial Analytics Demo Booth?]
NEED: Relationship Remediation Plan (Julie, Duncan Gladwin, Mary Briatico) 
RESET NEEDED! 
TDX - SFO - COE (Ronald) 

Material Update Needed Here!","COFO to COFO: Invites went out 4/13 to CEO, CFO, COO of USIS.
TDX - SFO - COE (Ronald): Tim Jock meeting Ronald 4/14.
4/29 Demo at GeorgiaTech - Financial Analytics Demo - all on mobile due to no screens in booth.
Prep call on Thurday - let us know if you need phones Duncan Gladwin","COFO to COFO: Invites went out 4/13 to CEO, CFO, COO of USIS.
TDX - SFO - COE (Ronald): Tim Jock met Ronald 4/14, follow up exec education.
4/29 Demo at GeorgiaTech - Financial Analytics Demo - all on mobile due to no screens in booth.
Prep call on Thurday - let us know if you need phones Duncan Gladwin",4/29 Demo at GeorgiaTech - Financial Analytics Demo,5/8 Red Sync: ARI funding contingent on early contract renewal. Exploring standalone Service Cloud early renewal vs. full $23M pull-forward. Google flagged as Agentforce competitive risk. QSR May 11 Core/TAB today; May 13 Mule.,"ARI approval in progress, key champion departed, Mule SEV-1 just resolved, renewal strategy decision needed now","6/1 = B2B Demand Deadline
Red Sync: Newton departed, Hansel is new DTOC manager. ARI deferred ~1 wk (PSA pending). Early 12-mo SC renewal July aligned, credit memo in progress. 
SMS carrier approval (AT&T/Verizon) = external go-live blocker. 
STL onsite being planned.","6/1 = B2B Demand Deadline
Red Sync: Newton departed, Hansel is new DTOC manager. ARI deferred ~1 wk (PSA pending). Early 12-mo SC renewal July aligned, credit memo in progress. 
SMS carrier approval (AT&T/Verizon) = external go-live blocker. 
STL onsite being planned.","Red Sync ongoing: Hansel is new DTOC manager (Newton departed). AOV at risk aligned to $1.5M both B2B and D2C. Greg onsite Atlanta 6/17 for COE demand planning. Early 12-mo SC renewal July aligned, credit memo in progress. SMS carrier approval (AT&T/Verizon) = external go-live blocker. STL onsite being planned. EFX4BIZ Tableau migration red active — CIO (Suro Bandyopadhyay) engaged; CMT fix build targeting EOD 6/16.",Greg Scalley onsite Atlanta 6/17 COE demand planning complete. CMT pre-release build 6/16 delivered — CF go-live target 6/23. USIS UAT starting this week; go-live Aug 10. EFX4BIZ Tableau red active. Update Next Critical Date to 6/23. 6/23 Delivered outside in demand POV 6/18. Mike Spencer reached out to John Gamble 6/19. Daily Tab calls. ,"Greg Scalley onsite Atlanta 6/17 COE demand planning complete. CMT pre-release build 6/16 delivered — CF go-live target 6/23 on Tab.. USIS UAT starting this week; go-live Aug 10. EFX4BIZ Tableau red active alleviated.. Update Next Critical Date to 6/23. 6/23 Delivered outside in demand POV 6/18. Mike Spencer reached out to John Gamble 6/19 and have connection late July F2F.  D2C call this afternoon showing recommendation on ""too many clicks issue"". No additonal resources required. 

Tableau issue.  May have been corrected?  Server to Cloud migration was painful.","USIS migration active — blockers being investigated. Scott Kelly reproduced CMT DateTime error (GUS W-23277453 filed); testing mitigations. Avinash Singh escalated to leadership; daily checkpoint calls reinstated. USIS go-live target remains 8/10. Sev1 login incident (Case 473949388) resolved for Europe/India users; RCA pending. D2C ""too many clicks"" recommendation delivered. Signature Success overview to USIS/EWS/Corporate Finance scheduled 7/9. F2F with John Gamble late July confirmed.","GeorgiaTech FAS demo 4/29 complete — 250+ attendees, CFO John Gamble present. QSRs imminent: 5/11 Core/TAB, 5/13 Mule. Dynamic OAD advancing; ARI approved. John Gamble confirmed renewal decision maker. COFO 1:1 with Robin Washington still needs scheduling.",Greg Scalley ,Sarah Vahlkamp,Alex Schwab,NONE,Alexandra Scott,NONE,NONE,Wes Frye,NONE,,,Footprint Readback March 2026,,,"SF Footprint - Value Alignment — the most urgent and high-visibility motion right now. Oppty to lean in with CSG - all hinges on outcome of tomorrow's call. Looking to invest in them - 20M renewal this year, investigating SELA as option. "
Equifax,Solidify,Duncan Gladwin,POC,Planning,,,,,,,,,"5.11 - Partner EPAM and Equifax Brasil plan an AF POC.  Or Cingilli will provide advisory support, beginning with reviewing scope and success definitions","EPAM and Equifax Brasil plan an AF POC.  Or Cingilli will provide advisory support, beginning with reviewing scope and success definitions","EPAM and Equifax Brasil plan an AF POC.  Or Cingilli will provide advisory support, beginning with reviewing scope and success definitions","EPAM and Equifax Brasil plan an AF POC.  Or Cingilli will provide advisory support, beginning with reviewing scope and success definitions","CLOSE? NO MOVEMENT? EPAM and Equifax Brasil plan an AF POC.  Or Cingilli will provide advisory support, beginning with reviewing scope and success definitions","CLOSE? NO MOVEMENT? EPAM and Equifax Brasil plan an AF POC.  Or Cingilli will provide advisory support, beginning with reviewing scope and success definitions","CLOSE? NO MOVEMENT? EPAM and Equifax Brasil plan an AF POC.  Or Cingilli will provide advisory support, beginning with reviewing scope and success definitions","CLOSE? NO MOVEMENT? EPAM and Equifax Brasil plan an AF POC.  Or Cingilli will provide advisory support, beginning with reviewing scope and success definitions",,Greg Scalley,,Alex Schwab,,,,,,,,,,,,
Equinox,Solidify,Duncan Gladwin,SIC,Planning,,,,,,,,,"New: updated 360° Point of View (POV) for Equinox that covers the full member experience — including member management, loyalty, quoting agent, and an agentic transformation roadmap. The goal is to move Equinox toward a 12-month agentic enterprise transformation bundle anchored by Signature Success, Shield, and consumption-based expansion. Draft POV complete by End of May.","New: updated 360° Point of View (POV) for Equinox that covers the full member experience - MUST include hotels!
Draft POV complete by End of May; must include Headless. Likely will go in front of Marc.
Connect with Mary on resources / plan for POV 
Sig Success Trial ends JULY! ","New: updated 360° Point of View (POV) for Equinox that covers the full member experience - MUST include hotels!
Draft POV complete by End of May; must include Headless. Likely will go in front of Marc.
Connect with Mary on resources / plan for POV 
Sig Success Trial ends JULY! ","360 POV outline shared 6/3 — review and finalization in progress. Equinox 880K FC this week (#1 CBS consumer, QUIN website chat v2 live). SIP request filed 6/7 ($50K). Video deprioritized to ~July. Sev1 Data Cloud case (token chunking) opened 6/5 — fix deploying 6/8. SIC planning underway. Sig Success Trial ends July.",360 POV outline shared 6/3 — finalization in progress. Equinox #1 CBS consumer (880K FC). SIP request filed 6/7 ($50K). Sev1 Data Cloud token chunking case resolved 6/8. QUIN website chat v2 live. Video deprioritized to July. SIC planning underway. Sig Success Trial ends July.,360 POV framework in progress.  Providing talking points to Mary to gain more insight at luxury event in Sweden. Equinox #1 CBS consumer (880K FC). SIP request filed 6/7 ($50K). Sev1 Data Cloud token chunking case resolved 6/8. QUIN website chat v2 live. Video deprioritized to July. SIC planning underway. Sig Success Trial ends July - value readout 6/22 with Eswar ambivalent: 6/23: Renewal kickoff with ESWAR. DF2U immediately after DF. Delivered ITSM demo 6/21. Need to chase SIP approval on PHIX support. Zenotti compete POC on memeber management. ,360 POV framework in progress.  Providing talking points to Mary to gain more insight at luxury event in Sweden. Equinox #1 CBS consumer (880K FC). SIP request filed 6/7 ($50K). Sev1 Data Cloud token chunking case resolved 6/8. QUIN website chat v2 live. Video deprioritized to July. SIC planning underway. Sig Success Trial ends July - value readout 6/22 with Eswar ambivalent: 6/23: Renewal kickoff with ESWAR. DF2U immediately after DF. Delivered ITSM demo 6/21. Need to chase SIP approval on PHIX support. Zenotti compete POC on member management. Parinder meeting week to walk through end to end business strategy. Possible Dreamforce speaker followed by SIC post DF2U.,360 POV framework in progress.  Providing talking points to Mary to gain more insight at luxury event in Sweden. Equinox #1 CBS consumer (880K FC). SIP request filed 6/7 ($50K). Sev1 Data Cloud token chunking case resolved 6/8. QUIN website chat v2 live. Video deprioritized to July. SIC planning underway. Sig Success Trial ends July - value readout 6/22 with Eswar ambivalent: 6/23: Renewal kickoff with ESWAR. DF2U immediately after DF. Delivered ITSM demo 6/21. Need to chase SIP approval on PHIX support. Zenotti compete POC on member management. Parinder meeting week to walk through end to end business strategy. Possible Dreamforce speaker followed by SIC post DF2U.,"New: updated 360° Point of View (POV) for Equinox that covers the full member experience — including member management, loyalty, quoting agent, and an agentic transformation roadmap. The goal is to move Equinox toward a 12-month agentic enterprise transformation bundle anchored by Signature Success, Shield, and consumption-based expansion. Draft POV complete by End of May.",Mary Briatico,Lisa Evetts,Wesley Hammack,,,,,,,,,,Equinox Fitness Clubs,,
Moody's,Transform,Duncan Gladwin,HeRO,In Process,,Kicking off Moodys MA HERO motion to provide recommendations: Remediate vs new Org. Lots of EYES across SF and Moodys,HERO Kicked off? ,"3/31/26 AJ - HeRO motion kicked off with customer — waiting on admin to provide credentials for Hubbl scan.  AD and SE are working through the new vs. remediate checklist to supplement
A customer org assessment deck has been prepared and shared with Moody's leaders. 
NEXT CRITICAL DATE? ","4/7 - scan complete- need Hubbl resources to create readback and give us debrief. TDX might conflict with their availability. Escalated on their side.
HeRO motion kicked off with customer — waiting on admin to provide credentials for Hubbl scan.  AD and SE are working through the new vs. remediate checklist to supplement
A customer org assessment deck has been prepared and shared with Moody's leaders. 
NEXT CRITICAL DATE? ","Health scan complete; need Hubbl resources to create readback and give us debrief. TDX might conflict with their availability. Escalated on their side. Waiting on Moodys Security team to be able to perform data quality scan. 
Update & Next Date?  First readout 4/17.",Health scan complete and initial review with stakeholders done Friday; Customer interested in also completing a data scan. Informatica team met with customer yesterday. Turn around time is 2 weeks. Customer wants to combine both metadata and data insights as one readout. Looking to deliver mid May in person in NYC. ,"4/28 - waiting on Data Quality Informatica scan to be complete. Kevin looking to schedule readback mid next week for both.
Health scan complete and initial review with stakeholders complete; Customer interested in also completing a data scan. Informatica team met with customer. Turn around time is 2 weeks. Customer wants to combine both metadata and data insights as one readout. Looking to deliver mid May in person in NYC. 

Targeting mid may for readout.",BVS biz case requested 5/5 for all products in scope for July 2026 proposal. Kevin targeting in-person NYC readout — not yet confirmed. Update Next Critical Date to mid-May readout.,Hubble scan created chatter - navigating; Readout with tech team 5/21,Hubbl scan readout with tech team held 5/21. ?? Exec Engagement Brief prepared for 5/28 meeting. Navigating internal chatter from scan findings.,"Hubbl scan readout 5/21 complete. Exec engagement brief prepared for 5/28. Technical re-architecture urgency confirmed — Moody's using deprecated Einstein Requests vs. purchased Agentforce. Swarm being organized with TA and Data Cloud resources ahead of Q3 renewal. Data Value Program: S3 connectivity complete, attrition POC showing positive results.","6/16/2026 QBR meeting 6/24 - Demo of Service Agentic capabilties and to share Health & Value boost outcome and remediation progress
NO CHANGE! LAST: swarm being organized with TA and Data Cloud resources ahead of Q3 renewal; Data Value Program positive results.","6/16/2026 QBR meeting 6/24 - Demo of Service Agentic capabilties and to share Health & Value boost outcome and remediation progress
NO CHANGE! LAST: swarm being organized with TA and Data Cloud resources ahead of Q3 renewal; Data Value Program positive results. ","6/30/2026 QBR last week. Meeting with Tech team today- to follow up on outstanding questions, and push for insights into Governance and Data Mgt.
6/16/2026 QBR meeting 6/24 - Demo of Service Agentic capabilties and to share Health & Value boost outcome and remediation progress
NO CHANGE! LAST: swarm being organized with TA and Data Cloud resources ahead of Q3 renewal; Data Value Program positive results. 6/30 Trust 360 report getting sent today to Renee and Charlotte. New critical issue related to how MFA is set up. 
Muliple follow-ups from QBR. ","7/7 follow-up meeting with tech team held — pursuing outstanding QBR questions, pushing for Governance and Data Management insights. Trust 360 report sent to Renee and Charlotte 6/30. New critical issue with MFA setup being addressed. Data Value Program: Moody's production deployment of Orbis data into Cloud 360 and Snowflake complete (week of 6/19). FDE engagement pending AE sending SOW.","Waiting on Data Quality Informatica scan to be complete. Kevin looking to schedule readback mid next week for both.

5/5  BVS - asked to spin up a biz case for all products being shaped for a  July 2026 proposal.",Kevin Burkert,Antony Fewster,Jaimee Kniffen,NONE,Alexandra Scott,NONE,NONE,"Wes Frye, Shabnam Dadkhah",NONE,,EA DSR ,Org Assessment Deck,,,
Steritech,,Duncan Gladwin,Executive Engagement,In Process,7/13/2026,Customer planning to go to RFP. Account Team to provide thought leadership and hopefully bypass RFP. Kicking off early April for workshop in ATL. Alexandra Scott on it. ,"RFP Bypass conversation - any update? 
ATL April Workshop - any update?",3/31/26 - AJ - CDO introductory meetig showed interest in Informatica golden record and data offerings.Onsite April 13-15 - multiple topics including RFP ,"CDO introductory meeting showed interest in Informatica golden record and data offerings.
Onsite April 13-15 - multiple topics including RFP 
Resources and Agenda Locked?","CDO introductory meeting showed interest in Informatica golden record and data offerings.
Onsite April 13-15 - multiple topics including RFP 
Any Support Needed? ","In person workshop last week, positively received by customer. Working on compiling readback, will leverage Neuroflash to help inform readback and recommendations. Kimberly is out next week- targetting first week May for readback
CDO introductory meeting showed interest in Informatica/Mule golden record and data offerings.
Onsite April 13-15 - multiple topics including RFP 
Onsite Outcomes?  +1 Wes Frye","4/28 - Met with NEuroflash regarding approach and demo for readback. Draft to be completed this week (I am behind :<)
In person workshop last week, positively received by customer. Working on compiling readback, will leverage Neuroflash to help inform readback and recommendations. Kimberly is out next week- targetting first week May for readback
CDO introductory meeting showed interest in Informatica/Mule golden record and data offerings.
Onsite April 13-15 - multiple topics including RFP 
Onsite Outcomes?  +1 Wes Frye

Targeting mid may readout from onsite workshops.
NF has recommended POC/demo.  Brandon Holtzclaw to learn more once Kyle is back from PTO.","Met with Neuroflash regarding approach and demo for readback. Draft WIP.
In person workshop last week, positively received by customer. Working on compiling readback, will leverage Neuroflash to help inform readback and recommendations. Kimberly is out next week- targetting first week May for readback
CDO introductory meeting showed interest in Informatica/Mule golden record and data offerings.

Targeting mid may readout from onsite workshops.
NF has recommended POC/demo.  ","Targeting mid may readout from onsite workshops. (June 11th) Focus on customer portal, Tab, Mule....Not the forms.
NF has recommended POC/demo.  ","Targeting mid may readout from onsite workshops. (June 11th) Focus on customer portal, Tab, Mule....Not the forms.
NF has recommended POC/demo.  ","Targeting mid may readout from onsite workshops. (June 11th) Focus on customer portal, Tab, Mule....Not the forms.
NF has recommended POC/demo.  ","6/16/2026 - REadback rescheduled for June 17. NF to demo customized forms builder/manager
NO CHANGE! LAST: June 11 readout target passed — confirm whether readout was delivered. Focus: customer portal, Tableau, MuleSoft. NF recommended POC/demo. Update needed on next steps post-readout.","6/23/2026 - exploring options one more time - internally if our FSL Data Capture and forms can meet the requirements for this customer. Next, getting alignement on roadmap with NF and customer
Readback rescheduled to 6/17 — Neuroflash to demo customized forms builder/manager. Confirm whether 6/17 readout was delivered and capture next steps. Focus: customer portal, Tableau, MuleSoft. Update Next Critical Date to TBD pending 6/17 confirmation.","6/30: Kara Prod manager for data capture just back from Mat Leave. Investigating whether our prodcut is fit for purpose. POC's other solutions. Plan to meet with Kimberly when Alexandra is back from PTO. Kimberly is open to Salesforce showcasing what we can do based on their RFP. 

6/23/2026 - exploring options one more time - internally if our FSL Data Capture and forms can meet the requirements for this customer. Next, getting alignement on roadmap with NF and customer
Readback rescheduled to 6/17 — Neuroflash to demo customized forms builder/manager. Confirm whether 6/17 readout was delivered and capture next steps. Focus: customer portal, Tableau, MuleSoft. Update Next Critical Date to TBD pending 6/17 confirmation.","6/30: Kara Prod manager for data capture just back from Mat Leave. Investigating whether our prodcut is fit for purpose. POC's other solutions. Plan to meet with Kimberly when Alexandra is back from PTO. Kimberly is open to Salesforce showcasing what we can do based on their RFP. 

6/23/2026 - exploring options one more time - internally if our FSL Data Capture and forms can meet the requirements for this customer. Next, getting alignement on roadmap with NF and customer
Readback rescheduled to 6/17 — Neuroflash to demo customized forms builder/manager. Confirm whether 6/17 readout was delivered and capture next steps. Focus: customer portal, Tableau, MuleSoft. Update Next Critical Date to TBD pending 6/17 confirmation.","Met with Neuroflash regarding approach and demo for readback. Draft WIP.
In person workshop last week, positively received by customer. Working on compiling readback, will leverage Neuroflash to help inform readback and recommendations. Kimberly is out next week- targetting first week May for readback
CDO introductory meeting showed interest in Informatica/Mule golden record and data offerings.

Targeting mid may readout from onsite workshops.
NF has recommended POC/demo.  ",Jonathan Cournoyer,Kyle Cooke,Daud Solares,NONE,Alexandra Scott,NONE,NONE,Wes Frye,NONE,,,Modernization Workshop Lucidchart,Rentokil Steritech,,Re-imagine future state (automation and AI) and to identify needed capabilities as they modernize homegrown Heroku OnBrand system. Ideating on Service Blueprint
Reimagined Parking,Solidify,Jesse Sun,SIC,In Process,,,,,"NEW! Reef Global SIC — full C-suite audience, NYC Tower hosting on 4/30, AF World Tour NYC 4/29. 
NEED: Support prep and strategy.","Reef Global SIC — full C-suite audience, NYC Tower 4/30, AF World Tour NYC 4/29. 
Alex reviewed agenda with them and is planning to do facilitation on 4/30. Team asking for some digital support around marketing SME - brian Haberman engaged (and doug) to help figure that out","Executive interviews almost done- 2 got rescheduled. Outline and approach solid as team swarms over next week
Reef Global SIC — full C-suite audience, NYC Tower 4/30, AF World Tour NYC 4/29. 
Alex reviewed agenda with them and is planning to do facilitation on 4/30. Team asking for some digital support around marketing SME - brian Haberman engaged (and doug) to help figure that out
",SIC tomorrow on Thursday with executive leadership. Executive interviews done and will be shared as VOC,"Boarding mtg 5/15; Reviewing engagement plan (post-SIC); not ready for pricing yet. 
Alexandra scheduling time with CTO for architectural considerations. ","Boarding mtg 5/15; Reviewing engagement plan (post-SIC); not ready for pricing yet. 
Alexandra scheduling time with CTO for architectural considerations. ","client gone dark, waiting on responsse to go deeper archtiecture dive 
Alexandra scheduling time with CTO for architectural considerations. ","Gone dark - requested deeper archtiecture dive.
Alexandra scheduling time with CTO for architectural considerations. ","CTO confirmed that Reimagined Parking will move forward with Salesforce initiatives, prioritizing Sales Cloud modernization and Marketing Cloud expansion, with future evaluation of an agentic AI layer. Roamy and Vincent will lead execution, secure funding, and champion the initiatives internally, with Matt influencing the roadmap and expecting accelerated ROI as B2C initiatives launch. 

Will need BVS once we get through pricing! 
Still need architecture convo w Alexandra Scott",Call Thursday - what do we need to do next? Enterprise Architecture validated. Get BVS post-scoping and validation. ,Call Thursday - what do we need to do next? Enterprise Architecture validated. Get BVS post-scoping and validation. ,Call Thursday - what do we need to do next? Enterprise Architecture validated. Get BVS post-scoping and validation. ,SIC last week with executive leadership. ,Ahron Corral,Lisa Evetts,None,NONE,Alexandra Scott,NONE,NONE,Oye Coker-Dickens,"Alex Russell , Tina Solin",,,,,sic-amer-reimaginedparking,
CDW,Transform,Jesse Sun,Architecture Review,Completed,,Rachel Smith connecting w/ Poonam Patel,"New AD is onboarding / being intro'd this week. 
Jesse Sun is working with customer to schedule Architecture Review for CPQ > ARM prep - date pending. 
Dan E looking to engage with leadership (EAs scheduling). Hope to include CDW Execs. 
Also looking to get Rev Ops engaged for AF use cases to support ARM. ","ARM Readiness Review scheduled (DATE?) - Holly + Rev Cloud team engaged
New Agentic Demo Talk Track canvas created
UK team exploring AF use cases with Nick Male
Meeting with Craig Meadors (Procurement) on 3/30","
Architecture Validation 4/8
Discuss LOE for migration from CPQ. LEADING: Holly, Alexandra Scott ; Content in Prep; Invite out for  AD World Tour Rev Cloud Keynote + 1:1 with Meredith S. ","4/8 Outcomes? Architecture Validation Mtg; Discuss LOE for migration from CPQ. LEADING: Holly, Alexandra Scott 
World Tour Rev Cloud Keynote + 1:1 with Meredith S.?","Mistey confirmed standardizing OWN backup, data masking trial approved, and data classification ongoing.
World Tour Rev Cloud Keynote + 1:1 with Meredith S.?",ARI for CPQ is getting finalized for review this week. AF use case mtg (part 2) is getting scheduled with a tailored workshop.,ARI funding on hold until we understand findings from CAT engagement. [pain point findings > path to remediation]. Response from Don F back to Anarag 5/12. Be sensitive to ARM strategy. CAT ETA? (Waiting on CDW to reproduce errors) ,ARI funding on hold until we understand findings from CAT engagement. [pain point findings > path to remediation]. Response from Don F back to Anarag 5/12. Be sensitive to ARM strategy. CAT ETA? (Waiting on CDW to reproduce errors) ,"Data Mask & Seeding POC = technical win. Meeting with SF Admin (Misty) 5/27 on commercials. ARM POC underway — validating pricing strategies, performance with 600K–700K products, technical proof points for management. ARI funding still on hold pending CAT findings.",Data Mask & Seeding POC = technical win. Misty commercials meeting 5/27 complete. ARM POC underway. In-person Dallas BOE workshop week of 6/8 (ref arch + ROI biz case). Bill and John Pulito fully aligned on BOE Sales Process transformation. ARI funding pending CAT findings.,NO CHANGE! LAST: Data Mask & Seeding POC = technical win. Misty commercials meeting 5/27 complete. ARM POC underway. ,closing - sold data mask :) ,closing - sold data mask :) ,closing - sold data mask :) ,ARI for CPQ is getting finalized for review this week. AF use case mtg (part 2) is getting scheduled with a tailored workshop.,Jordan Rzepka,Poonam Patel,Premier - see Tsui,NONE,Alexandra Scott,NONE,NONE,Oye Coker-Dickens,NONE,,EA DSR ,Future of Revenue AI,,,"July SELA Renewal. Current status: enablement session with procurement on current entitlements, etc. 
1Q opps associated to Rev Cloud expansion (users onboarding). Timeline has shifted and TBD if this will be bundled into SELA. Risks: MSFT lost 5 years ago; all OG account team went to Sierra. AE departed, RVP managing account. "
CDW,Transform,Jesse Sun,AI Workshop,Completed,,,,"Customer: how AF can work with current CPQ stack?
RED FLAG from CPQ team: ""Yes it works, but highly custom. Steer to ARM upgrade."" 
Neuraflash: Ensuring NF is aligned with messaging
Add'l Use Cases identified but need solidifying - connecting with CDW (Scheduled?) 
Keep Alexandra Scott on for consistency; WILL need AF resources - technical. ","Nick Male (Business Lead, Strategic Sales Initiatives) is exploring Agentforce for Sales use cases, keen to engage the AI Centre in London. 
Agentic Demo Canvas WIP. 
Pres 4/14 - ","Nick Male (Business Lead, Strategic Sales Initiatives) is exploring Agentforce for Sales use cases, keen to engage the AI Centre in London. 
Agentic Demo Canvas WIP. 
Pres 4/14 ","Nick Male (Business Lead, Strategic Sales Initiatives) is exploring Agentforce for Sales use cases, keen to engage the AI Centre in London. 
Agentic Demo Canvas WIP. 
Pres 4/14 outcomes?","Nick Male (Business Lead, Strategic Sales Initiatives) is exploring Agentforce for Sales use cases, keen to engage the AI Centre in London. 
Agentic Demo Canvas WIP. 
Combine with above or below? Separate workstream? ","2nd use case meeting with Ben W ""in a good spot"" - Coco driving MCP/headless convos. ","2nd use case meeting with Ben W ""in a good spot"" - Coco driving MCP/headless convos. ","2nd use case meeting with Ben W ""in a good spot"" - Coco driving MCP/headless convos. ","2nd use case meeting with Ben W ""in a good spot"" - Coco driving MCP/headless convos. ","NO CHANGE! LAST: 2nd use case meeting with Ben W ""in a good spot"" - Coco driving MCP/headless convos. ","NO CHANGE! LAST: 2nd use case meeting with Ben W ""in a good spot"" - Coco driving MCP/headless convos. ","NO CHANGE! LAST: 2nd use case meeting with Ben W ""in a good spot"" - Coco driving MCP/headless convos. ","NO CHANGE! LAST: 2nd use case meeting with Ben W ""in a good spot"" - Coco driving MCP/headless convos. ","Nick Male (Business Lead, Strategic Sales Initiatives) is exploring Agentforce for Sales use cases, keen to engage the AI Centre in London. 
Agentic Demo Canvas WIP. 
Combine with above or below? Separate workstream? ",Jordan Rzepka,Poonam Patel,Premier - see Tsui,NONE,Alexandra Scott,NONE,NONE,Oye Coker-Dickens,NONE,,,Demo Canvas (WIP),,,
CDW,Transform,Jesse Sun,Executive Engagement,In Process,,,,,"Rough Draft CDW Renewal Closing Plan by Jordan Rzepka
Security context shared by Kevin McDermott from last year's SOX conversations (to frame readout) 
4/9 Planning Call with SVP Stakeholders for SIC 
Priya Stipe Partnership SIC in Chi - vetting agenda and topics - Date TBD (early May?) ","Agenda alignment; content being prepped; waiting on date
Priya Stipe Partnership SIC in Chi -  Date TBD (can't get in person until late june, targeting virtual May with smaller group) 
Rough Draft CDW Renewal Closing Plan by Jordan Rzepka
Security context shared by Kevin McDermott from last year's SOX conversations (to frame readout) ","Agenda alignment; content being prepped; waiting on date
Priya Stipe Partnership SIC in Chi -  Date TBD (can't get in person until late june, targeting virtual May with smaller group) 
Rough Draft CDW Renewal Closing Plan by Jordan Rzepka
Security context shared by Kevin McDermott from last year's SOX conversations (to frame readout) ",Virtual exec meeting confirmed for 5/29. @Priya Stipe is engaged. Scheduling a 1x1 listening tour with each participating executive.,Regrello (AFO) exec engagement workstream - Alex and Dan to meet with Patrick Burns about potential Regrello positioning,Regrello (AFO) exec engagement workstream - Alex and Dan to meet with Patrick Burns about potential Regrello positioning,Regrello (AFO) exec meeting with Patrick Burns held — went really well. Next step: 1hr deep-dive call this week + onsite POC in Chicago being planned. Business case (ARM + A1E + Regrello) in progress.,Regrello (AFO) exec meeting with Patrick Burns complete — went very well. 1hr deep-dive call completed week of 6/2. Onsite POC in Chicago being planned. AFO use case briefing drafted. Business case (ARM + A1E + Regrello) in progress. AFO SIC outreach sent for 6/22/23.,"Tracking - aiming to schedule week of 29th. 
Regrello (AFO) exec deep-dive complete week of 6/2. Onsite POC in Chicago being planned. AFO use case briefing drafted. Business case (ARM + A1E + Regrello) in progress. AFO SIC outreach sent for 6/22-6/23 — confirm CDW attendance. ","Check-in with Courtney to ensure process being followed, no gaps. Courtney with AFO mtg with CDW EOW - call outcomes will drive next steps. 6/29 onsite discovery. Ensure we collect all use cases in this pursuit for renewal deficit insurance. ","Check-in with Courtney to ensure process being followed, no gaps. Courtney with AFO mtg with CDW EOW - call outcomes will drive next steps. 6/29 onsite discovery. Ensure we collect all use cases in this pursuit for renewal deficit insurance. ","6/29 onsite discovery completed. Regrello/AFO reverse demo held 6/29 — POC build in progress ahead of onsite workshop. CATT Analysis readout completed (governor limit errors, automation optimization). Proposal deck being prepared for CDW procurement. Courtney following up on next steps.","Virtual exec meeting confirmed for 5/29. @Priya Stipe is engaged. 

5/5 - Scheduling a 1x1 listening tour with each participating executive. Aligned on content - Priya/Poonam working on refining. ",Jordan Rzepka,Poonam Patel,Premier - see Tsui,NONE,,NONE,NONE,,Alex Russell,,,,,,
Transunion,Solidify,Jesse Sun,AI Workshop,In Process,,,,,,,,,"ADD MORE FROM ABOVE AND BREAKUP TRANSUNION 
MC enablement - eloqua replace; ITSM enablement ","ADD MORE FROM ABOVE AND BREAKUP TRANSUNION 
MC enablement - eloqua replace; ITSM enablement ",ATL workshop June 10 - AF Voice/Chat: Procurement down selection update; AF Workshop being scheduled [JUNE TIMELINE NOW},ATL workshop 6/10 confirmed — AF Voice/Chat focus. Procurement down selection update pending. Note: TU announced Snowflake TruIQ expansion 6/3 — relevant competitive context for positioning.,"AF Workshop mid-July; confirming date. 
ATL workshop 6/10 complete — AF Voice/Chat focus. Procurement down selection update pending. Snowflake TruIQ expansion (announced 6/3) noted as competitive context. Next steps TBD.","AF Workshop mid-July; confirming date. WILL NEED SUPPORT - scheduling. Might push to August. (Does workshop need to include ARM?) 
AF Voice/Chat focus. Procurement down selection update pending. Snowflake TruIQ expansion (announced 6/3) noted as competitive context. Next steps TBD.","AF Workshop mid-July; confirming date. WILL NEED SUPPORT - scheduling. Might push to August. (Does workshop need to include ARM?) 
AF Voice/Chat focus. Procurement down selection update pending. Snowflake TruIQ expansion (announced 6/3) noted as competitive context. Next steps TBD.","Shadow sessions underway across multiple TU business units — AF use case development in progress (sales support, service). AI use case tracker built from shadow session findings. ARM/Billing ideation SIC confirmed 7/29 in Chicago — TruOps leadership available locally. Rev Cloud internal sync on SIC structure scheduled. Workshop date (mid-July) still TBD; may push to August.",,Blair Wheatley,Bill Zawadski,Brittany Larson,,,,,,,,,,,,
Corpay,Solidify,Wardah Ansari,POC,In Process,7/13/2026,NEEDS CLOSE PLAN - Setting up Deal Clinic,"Close Plan? Deal Clinic? 
Sales POC in flight, being asked to support a parallel in flight A4Service POC","DISCUSS - New service org POC request inbound 3/30! 

Pilot underway; Dan reaching out to CIO; Julie reached out to Head of Sales; a lot of exec to exec swarming. Verbal for April if all goes well. ""Overnight SDR"" agent. Pushing to UAT on 4/8, engaged with BVS on overall value messaging 
RISK: Lots of environment issues; now making progress with Agent build; want to push to prod this week for metrics. Timeline squishy. 
Address: Technical success was POC outcome agreed upon - NOT commercial KPIs (but discussion has evolved here). Must level-set. 

Ashley needs help with someone who has COE expertise.","Current POC: Good feedback, working on success metrics 
Sales - Spike in Usage as customer is moving the pilot to UAT.  Laura checking with team on what help is needed to help move from UAT -> production -> ACV event

Ashley Berger COE Help: Deck found! Ali Jarosch running point to ensure Ash is covered here. ","Current Sales Web Lead POC: Good feedback
Laura Case checking with team on what help is needed to help move UAT > PROD > ACV, when do we schedule a debrief/readout with exec sponsors (readout deck WIP)","Current Sales Web Lead POC: Good feedback
Laura Case checking with team on what help is needed to help move UAT > PROD > ACV, when do we schedule a debrief/readout with exec sponsors (readout deck WIP)
Wes Frye Should check-in on POC team on how the $$$ KPI collection is going.","Laura Case checking with team on what help is needed to help move UAT > PROD > ACV, when do we schedule a debrief/readout with exec sponsors (readout deck WIP)
Wes Frye Coco asked Tarun (customer) to track the evolution of all leads created in POC -- so can attribute $$$ value.","Debrief/readout with exec sponsors (readout deck WIP)?

5/12 BVS:  We need to stay on this.  Coco asked Tarun (customer) to track the evolution of all leads created in POC -- so can attribute $$$ value.   So far, 1 net new lead created in a week.","Debrief/readout with exec sponsors (readout deck WIP)?
We need to stay on this.  Coco asked Tarun (customer) to track the evolution of all leads created in POC -- so can attribute $$$ value.   So far, 1 net new lead created in a week.
No success criteria; had to pull agent off site; more delayed than Service ","Debrief/readout with exec sponsors (readout deck WIP)?
We need to stay on this. Coco asked Tarun (customer) to track the evolution of all leads created in POC -- so can attribute $$$ value. 1 net new lead created in a week.
No success criteria; had to pull agent off site; more delayed than Service ","Debrief/readout with exec sponsors pending. Sev1 case opened 6/3 (Agentforce Setup issue) — resolved. Tarun tracking lead attribution. 1 net new lead created in first week. Sev1 risk flag: no success criteria defined. Next: confirm path forward with AE on expansion.

Go onsite on 7/13 and they present their agentic vision to us.  Loop in Chief AI Officer  Alexandra Scott Laura Case Sumit Paliwal","6/16/2026 - Working on Engagement plan to hold client accountable. Positioning BAE and seeking insight into their AI strategy.
Debrief/readout with exec sponsors pending. Sev1 (Agentforce Setup) resolved 6/3. Tarun tracking lead attribution — 1 net new lead created in first week. Corpay attended AF Accelerate Workshop Atlanta 6/10. Onsite 7/13 — present agentic vision, loop in Chief AI Officer, Alexandra Scott, Laura Case, Sumit Paliwal. Risk: no success criteria defined.","Onsite 7/13 — present agentic vision, loop in Chief AI Officer, Alexandra Scott, Laura Case, Sumit Paliwal. Risk: no success criteria defined.

Wardah reaching out this week to review engagement plan.

Aligned internally; if Corpay does not agree we will pull plug ","Onsite 7/13 — present agentic vision, loop in Chief AI Officer, Alexandra Scott, Laura Case, Sumit Paliwal. Risk: no success criteria defined.

Wardah reaching out this week to review engagement plan.

Aligned internally; if Corpay does not agree we will pull plug ",7/13 onsite confirmed — presenting agentic vision to Chief AI Officer and leadership. Wardah reached out to review engagement plan. Internal alignment achieved; agreed to pull plug if Corpay does not align on success criteria. POC engagement plan under review.,"Debrief/readout with exec sponsors (readout deck WIP)?

5/5 BVS:  We need to stay on this.  Coco asked Tarun (customer) to track the evolution of all leads created in POC -- so can attribute $$$ value.",Brian Leslie,Ashley Berger,None,Laura Case (POC Lead),NONE,NONE,Kent Mackowiak,Wes Frye,NONE,,DSR,Scope WIP Readout Framework,Corpay Technologies Operating Company,fy27-corpay-afpoc,"Must Win - A4X Expansion - Customer running 2 month eval of an after hours web agent, AFSE, TA, ITA supporting customer - 6/30 due date

The team is ~17 days behind due to environment issues and a developer in Poland causing testing delays.
A workplan exists with 4/30 as the final review/handoff — a separate close plan (legal, CFO approvals, SI roadmap) is needed to target end-of-April signature. Very low likelihood of closing for April. "
CSC,,Wardah Ansari,POC,Completed,,,,,,"Next week: refine use cases/success for a POC.  Ultimate goal - support a joint presentation/demo in June at sales conference.  Also, a desire for education on Agentic COE and managing agents at scale/governance","Next week: refine use cases/success for a POC.  Ultimate goal - support a joint presentation/demo in June at sales conference.  Also, a desire for education on Agentic COE and managing agents at scale/governance","Next week: refine use cases/success for a POC.  Ultimate goal - support a joint presentation/demo in June at sales conference.  Also, a desire for education on Agentic COE and managing agents at scale/governance","Refine use cases/success for a POC.  Ultimate goal - support a joint presentation/demo in June at sales conference.  Also, a desire for education on Agentic COE and managing agents at scale/governance","Refine use cases/success for a POC.  Ultimate goal - support a joint presentation/demo in June at sales conference.  Also, a desire for education on Agentic COE and managing agents at scale/governance","Refine use cases/success for a POC.  Ultimate goal - support a joint presentation/demo in June at sales conference.  Also, a desire for education on Agentic COE and managing agents at scale/governance","Refine use cases/success for a POC.  Ultimate goal - support a joint presentation/demo in June at sales conference. Education on Agentic COE and managing agents at scale/governance

Need to determine if this is still a need.","Refine use cases/success for a POC.  Ultimate goal - support a joint presentation/demo in June at sales conference. Education on Agentic COE and managing agents at scale/governance

Need to determine if this is still a need.",Closing for now - focus on buy v build ,Closing for now - focus on buy v build ,Closing for now - focus on buy v build ,"Refine use cases/success for a POC.  Ultimate goal - support a joint presentation/demo in June at sales conference.  Also, a desire for education on Agentic COE and managing agents at scale/governance",Paula Rainford,Dominick Pergolizzi,None,Laura Case (POC Lead),NONE,NONE,NONE,Wes Frye,NONE,,DSR,,csc-account-channel,,"Laura will be discussing Agentforce SE/ITA bandwidth this evening (4/13).  Resources are really running near capacity this week and next.  Laura will support initial scoping call this week and next.  If TA is available for next week that would be great.  Also, let's make sure we engage BVS early"
LexisNexis,Activate,Jesse Sun,Architecture Review,Completed,7/1/2026,,,Onsite in ATL last wk for D360 wkshop in response to Healthcare RFI - outcome?,"Downselected in RFI for Healthcare Call Center 
Scoping pricing; prepping final demo","Downselected in RFI for Healthcare Call Center 
Scoping pricing; prepping final demo
Resources needed? ","Downselected in RFI for Healthcare Call Center 
Scoping pricing; prepping final demo
Resources needed? ","Meeting project lead this Thurs 4/30 to align on close plan. Unified Experience oppty might merge with larger MDM transformation project, introducing risk in delaying a Q2 deal. We need help with tactical or technical reasons around why we need to get started now to meet their internal go-live deadline by Nov. Will engage our Services team first, but all ideas are welcome!","[Healthcare] Meeting project lead 5/14 to align on project, timing, funding. 
Open: Deploy new org or existing? Alexandra supporting. Politics. 
MDM project implications - chunking workstreams to manage delay risk","[Healthcare] Meeting project lead 5/14 to align on project, timing, funding. 
Open: Deploy new org or existing? Alexandra supporting. Politics. 
MDM project implications - chunking workstreams to manage delay risk",[Healthcare] efforts moving forward with customer's needs and tight timeline for July 1 start with PS,"Healthcare efforts moving forward toward July 1 PS start. SWE request ($50K, 11x ROI) submitted 6/7 — pending L1 approval. Timeline remains tight.","Approvals for Unified Experience are in - moving forward. 
Mark Kelsey CEO approved the LNRS- Unified experience. We can send over PW to begin the legal process with goal of June 30 signature
Healthcare efforts on track toward 7/1 PS start. SWE request ($50K, 11x ROI) submitted 6/7 — confirm L1 approval status. Timeline remains tight.","Approvals for Unified Experience are in - moving forward. 
Mark Kelsey CEO approved the LNRS- Unified experience. We can send over PW to begin the legal process with goal of June 30 signature
Healthcare efforts on track toward 7/1 PS start. SWE request ($50K, 11x ROI) submitted 6/7 — confirm L1 approval status. Timeline remains tight.","Approvals for Unified Experience are in - moving forward. 
Mark Kelsey CEO approved the LNRS- Unified experience. We can send over PW to begin the legal process with goal of June 30 signature
Healthcare efforts on track toward 7/1 PS start. SWE request ($50K, 11x ROI) submitted 6/7 — confirm L1 approval status. Timeline remains tight.","Approvals for Unified Experience are in - moving forward. 
Mark Kelsey CEO approved the LNRS- Unified experience. We can send over PW to begin the legal process with goal of June 30 signature
Healthcare efforts on track toward 7/1 PS start. SWE request ($50K, 11x ROI) submitted 6/7 — confirm L1 approval status. Timeline remains tight.","Meeting project lead this Thurs 4/30 to align on close plan. Unified Experience oppty might merge with larger MDM transformation project, introducing risk in delaying a Q2 deal. We need help with tactical or technical reasons around why we need to get started now to meet their internal go-live deadline by Nov. Will engage our Services team first, but all ideas are welcome!",Tim Maguire,Bill Zawadski,Laura Ambrose,NONE,Alexandra Scott,NONE,NONE,Oye Coker-Dickens,Megan Emmer,,,,Lexisnexis Risk Solutions Inc.,"LNRS- Healthcare Agentic Optimization- AF, Data, Service",
Transunion,Solidify,Jesse Sun,POV's,Completed,,"Demo date 4/7, Bill Zawadski confirmed as coverage",4/7 Demo by Bill Zawadzki - Any change? ,"Scheduled dry runs with Jesse 3/31, 4/3. What is 4/7 Critical Date? ","Scheduled dry runs with Jesse 3/31, 4/3. What is 4/7 Critical Date? ",Update & Next Date?  ,Update & Next Date?  ,"Working on Sec Center pull fwd now for April. 
Awaiting feedback post AF demo for voice and chat. 
Vendor demos for eval wrapping up this week. 
Scheduling AF workshop is next, so support will be needed here. 
COFO meeting with TU COO tonight at dinner. @Meredith Schmidt meeting with SVP Transformation at WT NYC.","Sec Center - spend review 5/12; need to find funding, get approved.
Jim Roth intro'd to COO - SF on SF how does Jim run biz on AF (scheduling) [need to submit workflow for Jim via Slack]
Debrief with Meredith 5/14 post WT feedback; Tiffany asking Mere for opinion on SI?
AF Voice/Chat: Procurement down selection update; AF Workshop being scheduled (NEED JUNE TIMELINE NOW) ","Sec Center - spend review 5/12; need to find funding, get approved.
Jim Roth intro'd to COO - SF on SF how does Jim run biz on AF (scheduling) [need to submit workflow for Jim via Slack]
Debrief with Meredith 5/14 post WT feedback; Tiffany asking Mere for opinion on SI?
AF Voice/Chat: Procurement down selection update; AF Workshop being scheduled (NEED JUNE TIMELINE NOW) ","5/29 - Jim Roth Prep for SF on SF (how does Jim run biz on AF?)
Sec Center - spend review 5/12; need to find funding, get approved.
Debrief with Meredith 5/14 post WT feedback; Tiffany asking Mere for opinion on SI?","COMPLETE: 
Jim Roth Prep for SF on SF (how does Jim run biz on AF?)
Sec Center - spend review; need to find funding, get approved.
Debrief with Meredith post WT feedback; Opinion on SI","COMPLETE: CLOSE? 
Jim Roth Prep for SF on SF (how does Jim run biz on AF?)
Sec Center - spend review; need to find funding, get approved.
Debrief with Meredith post WT feedback; Opinion on SI","COMPLETE: CLOSE? 
Jim Roth Prep for SF on SF (how does Jim run biz on AF?)
Sec Center - spend review; need to find funding, get approved.
Debrief with Meredith post WT feedback; Opinion on SI","COMPLETE: CLOSE? 
Jim Roth Prep for SF on SF (how does Jim run biz on AF?)
Sec Center - spend review; need to find funding, get approved.
Debrief with Meredith post WT feedback; Opinion on SI","COMPLETE: CLOSE? 
Jim Roth Prep for SF on SF (how does Jim run biz on AF?)
Sec Center - spend review; need to find funding, get approved.
Debrief with Meredith post WT feedback; Opinion on SI","Working on Sec Center pull fwd now for April. 
Awaiting feedback post AF demo for voice and chat. 
Vendor demos for eval wrapping up this week. 
Scheduling AF workshop is next, so support will be needed here. 
COFO meeting with TU COO tonight at dinner. @Meredith Schmidt meeting with SVP Transformation at WT NYC.",Blair Wheatley,Bill Zawadski,Brittany Larson,NONE,NONE,NONE,NONE,Oye Coker-Dickens,NONE,,,Planning canvas Presentation,,,4/7 AI POV and education for CIO audience Other key participants from Solutions: Matt Crane
Brinks,Transform,Wardah Ansari,Executive Narratives,In Process,7/17/2026,,,,,"Activating Andy Benton team - in bakeoff against Oracle Field Service. To preserve BOM have to get in front of this. May need video. 
Positioning to deliver entire OCR process. 
On Standby :) 
May be able to leverage video from last year; have Priya Stipe join mtg Timothy Starr is setting up ","Activating Andy Benton team - in bakeoff against Oracle Field Service. To preserve BOM have to get in front of this. May need video. 
Positioning to deliver entire OCR process. 
On Standby :) 
May be able to leverage video from last year; have Priya Stipe join mtg Timothy Starr is setting up ","Need draft project plan for video completed! Same resources being used for all vids!

Likely levearge existing resources but change message to focus on competitive FS agains Oracle FS.","Competitive FS against Oracle FS.
Working with Accenture - they're putting together SOW comparisons of Oracle v SF + Risk, APIs, etc 
Nothing needed at this time - Should we close for now? 
BVS 5/12 - call tomorrow with Sales Ops on Value Realized with sales cloud","Competitive FS against Oracle FS.
Working with Accenture - they're putting together SOW comparisons of Oracle v SF + Risk, APIs, etc 
Nothing needed at this time - Should we close for now? 
BVS 5/12 - call tomorrow with Sales Ops on Value Realized with sales cloud","Competitive FS against Oracle FS: Working with Accenture - they're putting together SOW comparisons of Oracle v SF + Risk, APIs, etc 
Wes Frye Value realization with Sales Ops is held for 90-day customer freeze.","Competitive FS against Oracle FS: Working with Accenture - they're putting together SOW comparisons of Oracle v SF + Risk, APIs, etc 
Wes Frye Value realization with Sales Ops is held for 90-day customer freeze.

Now evaluating Palantir.",Competitive FS against Oracle FS — Accenture SOW comparison in progress. Wes Frye value realization on hold (90-day customer freeze). Now also evaluating Palantir. No immediate action needed.,No immediate action needed from POD. A lot on pause due to M&A. Internal note: should pivot to AFO. ,No immediate action needed from POD. A lot on pause due to M&A. Internal note: should pivot to AFO. ,Meeting with Laurent on 7/17 re: Palantir/Brinks better together PoV (Still pause for now) ,"Competitive FS against Oracle FS.
Working with Accenture - they're putting together SOW comparisons of Oracle v SF + Risk, APIs, etc 
Nothing needed at this time ",Tim Starr,Dominick Pergolizzi,None,NONE,NONE,NONE,NONE,Wes Frye,"Sasha Freedman, Priya Stipe",,,,Brinks Inc,oppty-brinks-routemgmt,
Corpay,Solidify,Wardah Ansari,POC,In Process,,,,,Sep BU - Service Use Case - Early Stages; Needs more vetting; Internal (CUSTOMER) mtg 4/8. NOT Q1,"4/8 Meeting Outcomes? 
Sep BU - Service Use Case - Early Stages; successful demo - checking in with team on 4/21 for next steps
NOT Q1",Sep BU - Service Use Case - Early Stages; successful demo - checking in with team on 4/21 for next steps,Sep BU - Service Use Case - Early Stages; successful demo - checking in with team on 4/21 for next steps,Small Pilot - Service Use Case - Early Stages; Next Steps? ,Risk: Not success criteria; what needs to happen by June to deem POC successful? Only tying to ROI right now and too tight time to see it ,Risk: Not success criteria; what needs to happen by June to deem POC successful? Only tying to ROI right now and too tight time to see it ,Risk: Not success criteria; what needs to happen by June to deem POC successful? Only tying to ROI right now and too tight time to see it ,Risk: Not success criteria; what needs to happen by June to deem POC successful? Only tying to ROI right now and too tight time to see it ,Risk: Not success criteria; what needs to happen by June to deem POC successful? Only tying to ROI right now and too tight time to see it ,Risk: Not success criteria; what needs to happen by June to deem POC successful? Only tying to ROI right now and too tight time to see it ,Risk: Not success criteria; what needs to happen by June to deem POC successful? Only tying to ROI right now and too tight time to see it ,Small Pilot - Service Use Case - Early Stages; Next Steps? ,Brian Leslie,Ashley Berger,None,Laura Case (POC Lead),NONE,NONE,NONE,NONE,NONE,,,,Corpay Technologies Operating Company,fy27-corpay-agentforce-service-project ,
Allied Universal,Transform,Wardah Ansari,Transformational Engagement,In Process,,,,,"4/7 - team is working towards an onsite ""Establishign a foundation- Considerations to Achieve a Unified Customer Record"" week of 4/20","Onsite scheduled for 4/23  ""Establishing a foundation- Considerations to Achieve a Unified Customer Record"" ","Onsite scheduled for 4/23  ""Establishing a foundation- Considerations to Achieve a Unified Customer Record"" ","4/28 - great outcome- re earning trust with customer. Putting Pro serv engagement SOW in front of them as they seek to split orgs and establish a NA org.
4/23 Outcomes?
""Establishing a foundation- Considerations to Achieve a Unified Customer Record"" ","Putting Pro serv engagement SOW in front of them as they seek to split orgs and establish a NA org.
First pass pricing & Biz case delivered to customer 4/29
5/12 BVS - presented biz case & value stories/proof points to CTO last week -- all quiet.  
More important, the cost of doing nothing by putting bad data into their Org.","Putting Pro serv engagement SOW in front of them as they seek to split orgs and establish a NA org.
First pass pricing & Biz case delivered to customer 4/29
5/12 BVS - presented biz case & value stories/proof points to CTO last week -- all quiet.  
More important, the cost of doing nothing by putting bad data into their Org.","Working towards a close. SOW was to be sent late last week  as they seek to split orgs and establish a NA org.
BVS presented biz case & value stories/proof points to CTO last week -- all quiet.  
More important, the cost of doing nothing by putting bad data into their Org.","Working towards a close. SOW was to be sent late last week as they seek to split orgs and establish a NA org.
BVS presented biz case & value stories/proof points to CTO last week -- all quiet.  
More important, the cost of doing nothing by putting bad data into their Org.","6/16/2026 finalizing SOW. CTO has last minute ask around data and ability to report across OU outside of SF. Moving in right direction
NO CHANGE! LAST: Working towards a close. SOW was to be sent late last week as they seek to split orgs and establish a NA org.
BVS presented biz case & value stories/proof points to CTO last week -- all quiet.  
More important, the cost of doing nothing by putting bad data into their Org.",At final stages; presenting biz case 6/26. No POD support needed at this time. ,At final stages; presenting biz case 6/26. No POD support needed at this time. ,At final stages; presenting biz case 6/26. No POD support needed at this time. ,"Putting Pro serv engagement SOW in front of them as they seek to split orgs and establish a NA org.
First pass pricing & Biz case delivered to customer 4/29
5/5 BVS - needs more inputs for BVS case -- Collecting value stories/proof points.  
More important, the cost of doing nothing by putting bad data into their Org.",Madalena Santana,Bill Zawadski,None,NONE,Alexandra Scott,NONE,Jake Connors,Wes Frye,NONE,,,,Allied Universal Services,,
Cotality (CoreLogic),Transform,Wardah Ansari,POC,Planning,,,,,,,,"NEW! A2A pilot POC for Cotality; Customer is still working on finalizing use cases and success criteria.

Product is leaning in. ",5.11 - Account team meeting this week to refine use cases and then will arrange a formal kickoff,5.11 - Account team meeting this week to refine use cases and then will arrange a formal kickoff,NEED UPDATE: 5/11 Account team mtg to refine use cases and then will arrange a formal kickoff,NEED UPDATE: 5/11 Account team mtg to refine use cases and then will arrange a formal kickoff,NEED UPDATE: 5/11 Account team mtg to refine use cases and then will arrange a formal kickoff,NEED UPDATE: 5/11 Account team mtg to refine use cases and then will arrange a formal kickoff,NEED UPDATE: 5/11 Account team mtg to refine use cases and then will arrange a formal kickoff,NEED UPDATE: 5/11 Account team mtg to refine use cases and then will arrange a formal kickoff,A2A pilot POC for Cotality; Customer is still working on finalizing use cases and success criteria.,Madalena Santana,Bill Zawadski,,Laura Case (POC Lead),NONE,NONE,NONE,NONE,NONE,,,,CoreLogic Solutions,cotality-a2a-pilot,
LexisNexis,Activate,Jesse Sun,SIC,Completed,,"Team currently onsite in London - next step being proposed for use case workshopping/refinement. Date TBD 

RFP - data, marketing, etc. onsite next week. ","London Recap? Use Case Workshop proposed? 
Next Critical Date? 
REVIEW: EA DSR; DISCUSS: RFP Onsite? ","SIC Takeaway: All 4 BUs feel they'll fall behind on AI strategy until they fix foundational issues (tool sprawl, data fragmentation, governance gaps).

Next Steps to Address: Deploy an agent in a contained, high-frequency workflow; advise on CoE/governance model; use cross-BU peer evidence (RX Global on Revenue Cloud Advanced, LNRS Unity Agent); develop North Star POVs per account. 

Open question: One unified RELX readback vs. separate, tailored readbacks per BU — leaning toward separate given distinct priorities.

UPDATE? who is running point on SIC Next Steps/what team is needed for support, and where did we land on BU specific v. overall readback?",Team leaning toward separate per-BU readbacks given different priorities per entity. North Star POV canvas drafted. Internal VOC-to-next-steps canvas created. Megan Emmer is driving post-SIC next steps.,"North Star POV canvas drafted. Internal VOC-to-next-steps canvas created. 
Megan Emmer is driving post-SIC next steps.
Update & Next Date?  ","North Star POV canvas drafted. Internal VOC-to-next-steps canvas created. 
Megan Emmer is driving post-SIC next steps.
Update & Next Date?  ","North Star POV canvas drafted. Internal VOC-to-next-steps canvas created. 
Megan Emmer is driving post-SIC next steps.
Update & Next Date?  ","North Star POV canvas drafted. Internal VOC-to-next-steps canvas created. 
Megan Emmer is driving post-SIC next steps.
Update & Next Date?  ","North Star POV canvas drafted. Internal VOC-to-next-steps canvas created. 
Megan Emmer is driving post-SIC next steps.
Update & Next Date?  ","North Star POV canvas drafted. Internal VOC-to-next-steps canvas created. 
Megan Emmer is driving post-SIC next steps.
Update & Next Date?  ","North Star POV canvas drafted. Internal VOC-to-next-steps canvas created. 
Megan Emmer is driving post-SIC next steps.
Update & Next Date?  ","North Star POV canvas drafted. Internal VOC-to-next-steps canvas created. 
Megan Emmer is driving post-SIC next steps.
Update & Next Date?  ","North Star POV canvas drafted. Internal VOC-to-next-steps canvas created. 
Megan Emmer is driving post-SIC next steps.
Update & Next Date?  ","North Star POV canvas drafted. Internal VOC-to-next-steps canvas created. 
Megan Emmer is driving post-SIC next steps.
Update & Next Date?  ","North Star POV canvas drafted. Internal VOC-to-next-steps canvas created. 
Megan Emmer is driving post-SIC next steps.
Update & Next Date?  ","North Star POV canvas drafted. Internal VOC-to-next-steps canvas created. 
Megan Emmer is driving post-SIC next steps.
Update & Next Date?  ",Tim Maguire,Bill Zawadski,,NONE,Alexandra Scott,NONE,NONE,NONE,NONE,,"DSR (On Hold)
EA DSR ",,,,"Customer has requested licensing for AF POC. To ensure success, acct team wants SE-led Advisory engagement to support. We ran a lengthy one last year for D360 and it never got traction due to misalignment, exec sponsorship challenges. Can we get a better sense on the path to deal with this one?"
Experian,Solidify,TBD,Agentforce Consumption,Postponed,5/29/2026,"ALL ON HOLD!
F/U - Activity with exec alignment in Miami this week ","NEED: an executive briefing on Agentforce + AI POV plus an ideation session stemming from Julie's meeting with Experian's global CEO/CFO/CIO [Discuss: Synergies with companies as ideation?]
NEXT: mtg with exec sponsor next week to discuss agenda; NEED strawman in place ahead of that call so we have something to iterate on
Chris McKrill designing ideation session (based on Paylocity?)

DISCUSS: Sales Coach Agent, EA engagement, A4Sales 101 demo, IT Tech Summit, 2 RFPs, Commerce Cloud, Agent Fabric demo, AI phone transcript POC, Data Cloud POT with Slalom, contact cleanup project - multiple workstreams not reflected ","3/31/26 - AJ - COO session to discuss desire to reduce seller time by 50% - assessing process changes
Jake (TA)  reaching out to AE. Need alignment call - a lot going on. Connect team with Julie - UPDATE?
3/31 - Planning Workshop/Discovery for Service Cloud Migration. POC/Pilot on hold per customer until after EA discussion
A CDP RFP vendor demo is scheduled for the week of April 6–10.","COO session to discuss desire to reduce seller time by 50% - assessing process changes
Planning Workshop/Discovery for Service Cloud Migration. 
POC/Pilot on hold per customer until after EA discussion
Update? Alexandra Scott providing","COO session to discuss desire to reduce seller time by 50% - assessing process changes
Planning Workshop/Discovery for Service Cloud Migration. 
POC/Pilot on hold per customer until after EA discussion
Update? Alexandra Scott providing","COO session to discuss desire to reduce seller time by 50% - assessing process changes
Planning Workshop/Discovery for Service Cloud Migration. 
POC/Pilot on hold per customer until after EA discussion
Update <<HERE>> Alexandra Scott proposing in person workshop to examine business process across P2C to identify bottlenecks and areas for automation/agentification. Will result in capability focused roadmap and recommendations. Meeting with customer early next week to review charter and align on deliverables. SUggest we bring in a partner to build roadmap for their partner Cirrus to implement. IDeally we'd like to share roadmap at upcoming SIC in London, and understand SIC for Biran (What does it take to become agentic enterprise) and what Jim wants (what do I need to do) are not mutually exclusive, but complimentary ","COO session to discuss desire to reduce seller time by 50% - assessing process changes
Planning Workshop/Discovery for Service Cloud Migration. 

Alexandra Scott proposing in person workshop to examine business process across P2C to identify bottlenecks and areas for automation/agentification. Will result in capability focused roadmap and recommendations. Meeting with customer early next week to review charter and align on deliverables. SUggest we bring in a partner to build roadmap for their partner Cirrus to implement. IDeally we'd like to share roadmap at upcoming SIC in London, and understand SIC for Biran (What does it take to become agentic enterprise) and what Jim wants (what do I need to do) are not mutually exclusive, but complimentary ","COO session to discuss desire to reduce seller time by 50% - assessing process changes
Planning Workshop/Discovery for Service Cloud Migration. 

Alexandra Scott proposing in person workshop to examine business process across P2C to identify bottlenecks and areas for automation/agentification. Will result in capability focused roadmap and recommendations. Meeting with customer early next week to review charter and align on deliverables. SUggest we bring in a partner to build roadmap for their partner Cirrus to implement. IDeally we'd like to share roadmap at upcoming SIC in London, and understand SIC for Biran (What does it take to become agentic enterprise) and what Jim wants (what do I need to do) are not mutually exclusive, but complimentary ","COO session to discuss desire to reduce seller time by 50% - assessing process changes
Planning Workshop/Discovery for Service Cloud Migration. 

Alexandra Scott proposing in person workshop to examine business process across P2C to identify bottlenecks and areas for automation/agentification. Will result in capability focused roadmap and recommendations. Meeting with customer early next week to review charter and align on deliverables. SUggest we bring in a partner to build roadmap for their partner Cirrus to implement. IDeally we'd like to share roadmap at upcoming SIC in London, and understand SIC for Biran (What does it take to become agentic enterprise) and what Jim wants (what do I need to do) are not mutually exclusive, but complimentary ","COO session to discuss desire to reduce seller time by 50% - assessing process changes
Planning Workshop/Discovery for Service Cloud Migration. 

Alexandra Scott proposing in person workshop to examine business process across P2C to identify bottlenecks and areas for automation/agentification. Will result in capability focused roadmap and recommendations. Meeting with customer early next week to review charter and align on deliverables. SUggest we bring in a partner to build roadmap for their partner Cirrus to implement. IDeally we'd like to share roadmap at upcoming SIC in London, and understand SIC for Biran (What does it take to become agentic enterprise) and what Jim wants (what do I need to do) are not mutually exclusive, but complimentary ","COO session to discuss desire to reduce seller time by 50% - assessing process changes
Planning Workshop/Discovery for Service Cloud Migration. 

Alexandra Scott proposing in person workshop to examine business process across P2C to identify bottlenecks and areas for automation/agentification. Will result in capability focused roadmap and recommendations. Meeting with customer early next week to review charter and align on deliverables. SUggest we bring in a partner to build roadmap for their partner Cirrus to implement. IDeally we'd like to share roadmap at upcoming SIC in London, and understand SIC for Biran (What does it take to become agentic enterprise) and what Jim wants (what do I need to do) are not mutually exclusive, but complimentary ","COO session to discuss desire to reduce seller time by 50% - assessing process changes
Planning Workshop/Discovery for Service Cloud Migration. 

Alexandra Scott proposing in person workshop to examine business process across P2C to identify bottlenecks and areas for automation/agentification. Will result in capability focused roadmap and recommendations. Meeting with customer early next week to review charter and align on deliverables. SUggest we bring in a partner to build roadmap for their partner Cirrus to implement. IDeally we'd like to share roadmap at upcoming SIC in London, and understand SIC for Biran (What does it take to become agentic enterprise) and what Jim wants (what do I need to do) are not mutually exclusive, but complimentary ","COO session to discuss desire to reduce seller time by 50% - assessing process changes
Planning Workshop/Discovery for Service Cloud Migration. 

Alexandra Scott proposing in person workshop to examine business process across P2C to identify bottlenecks and areas for automation/agentification. Will result in capability focused roadmap and recommendations. Meeting with customer early next week to review charter and align on deliverables. SUggest we bring in a partner to build roadmap for their partner Cirrus to implement. IDeally we'd like to share roadmap at upcoming SIC in London, and understand SIC for Biran (What does it take to become agentic enterprise) and what Jim wants (what do I need to do) are not mutually exclusive, but complimentary ","COO session to discuss desire to reduce seller time by 50% - assessing process changes
Planning Workshop/Discovery for Service Cloud Migration. 

Alexandra Scott proposing in person workshop to examine business process across P2C to identify bottlenecks and areas for automation/agentification. Will result in capability focused roadmap and recommendations. Meeting with customer early next week to review charter and align on deliverables. SUggest we bring in a partner to build roadmap for their partner Cirrus to implement. IDeally we'd like to share roadmap at upcoming SIC in London, and understand SIC for Biran (What does it take to become agentic enterprise) and what Jim wants (what do I need to do) are not mutually exclusive, but complimentary ","COO session to discuss desire to reduce seller time by 50% - assessing process changes
Planning Workshop/Discovery for Service Cloud Migration. 

Alexandra Scott proposing in person workshop to examine business process across P2C to identify bottlenecks and areas for automation/agentification. Will result in capability focused roadmap and recommendations. Meeting with customer early next week to review charter and align on deliverables. SUggest we bring in a partner to build roadmap for their partner Cirrus to implement. IDeally we'd like to share roadmap at upcoming SIC in London, and understand SIC for Biran (What does it take to become agentic enterprise) and what Jim wants (what do I need to do) are not mutually exclusive, but complimentary ","COO session to discuss desire to reduce seller time by 50% - assessing process changes
Planning Workshop/Discovery for Service Cloud Migration. 

Alexandra Scott proposing in person workshop to examine business process across P2C to identify bottlenecks and areas for automation/agentification. Will result in capability focused roadmap and recommendations. Meeting with customer early next week to review charter and align on deliverables. SUggest we bring in a partner to build roadmap for their partner Cirrus to implement. IDeally we'd like to share roadmap at upcoming SIC in London, and understand SIC for Biran (What does it take to become agentic enterprise) and what Jim wants (what do I need to do) are not mutually exclusive, but complimentary ",Jake Weinberg,Ashley Berger,,,Alexandra Scott,NONE,Jake Connors,N/A,N/A,,DSR,Multipliers | Experian Agentic Enterprise SIC,,,Support on sales coach rollout (additional AF use case support DS-1673693 has been put on hold due to other priorities at Experian)
Corpay,Solidify,Wardah Ansari,POV's,Completed,,,,,Sep BU - Service Use Case - Early Stages; Needs more vetting; Internal (CUSTOMER) mtg 4/8. NOT Q1,"4/8 Meeting Outcomes? 
Sep BU - Service Use Case - Early Stages; successful demo - checking in with team on 4/21 for next steps
NOT Q1",Sep BU - Service Use Case - Early Stages; successful demo - checking in with team on 4/21 for next steps,Sep BU - Service Use Case - Early Stages; successful demo - checking in with team on 4/21 for next steps,Small Pilot - Service Use Case - Early Stages; Next Steps? ,"Ask to help with a strategic vision across the various Corpay workstreams that came from the consumption prioritization call.

TIMING: Need to get POCs on the rails first ","Ask to help with a strategic vision across the various Corpay workstreams that came from the consumption prioritization call.

TIMING: Need to get POCs on rails first ","Ask to help with a strategic vision across the various Corpay workstreams that came from the consumption prioritization call.

TIMING: Need to get POCs on rails first ","Ask to help with a strategic vision across the various Corpay workstreams that came from the consumption prioritization call.

TIMING: Need to get POCs on rails first ",Consolidate with other row - remove,Consolidate with other row - remove,Consolidate with other row - remove,Small Pilot - Service Use Case - Early Stages; Next Steps? ,Brian Leslie,Ashley Berger,None,Laura Case (POC Lead),NONE,NONE,NONE,NONE,NONE,,,,Corpay Technologies Operating Company,fy27-corpay-agentforce-service-project ,
Cotality (CoreLogic),Transform,Wardah Ansari,POC,Completed,,,,,,,,"NEW! Laura Case flagged a second request for a Cotality AF workshop (end of May, Irvine, CA — hands-on workshop separate from A2A pilot).

Date TBD. Expecting solid workshop orgs by end of May.","Cotality AF workshop (June 4, Irvine, CA — hands-on workshop separate from A2A pilot).

Date TBD. Expecting solid workshop orgs by end of May.","Cotality AF workshop (June 4, Irvine, CA — hands-on workshop separate from A2A pilot).

Date TBD. Expecting solid workshop orgs by end of May.","Cotality AF workshop (June 4, Irvine, CA — hands-on workshop separate from A2A pilot).","AF workshop held 6/4 in Irvine (hands-on, separate from A2A pilot). Consumption lead assigned. Next steps TBD.","NO CHANGE! LAST: AF workshop held 6/4 in Irvine (hands-on, separate from A2A pilot). Consumption lead assigned. Next steps TBD — check in with account team for update.",No POD Support needed til we have stronger exec alignment. ,No POD Support needed til we have stronger exec alignment. ,No POD Support needed til we have stronger exec alignment. ,"Cotality AF workshop (June 4, Irvine, CA — hands-on workshop separate from A2A pilot).

Date TBD. Expecting solid workshop orgs by end of May.",Madalena Santana,Bill Zawadski,None,Laura Case (POC Lead),NONE,NONE,Or Cingilli,NONE,NONE,,DSR,,CoreLogic Solutions,,
Experian,Solidify,Wardah Ansari,SIC,In Process,6/17/2026,"Jim Fick wanting to reduce non productive selling by 50%. Looking to evaluate process and tech across P2C Framework (lead through billing). Still need to understand BANT, expectations, scope, and how to align partner Cirrius.","Met with Priya Stipe 3/20 to update on efforts around B2B and B2C, plans for upcoming SIC in June
Will wait for updates post Experian events this week","UPDATE? Did we ever hear back from customer on proposed SIC/should we start actioning against it? Is there additional support still needed from Jake Connors? 

working toward SIC in London - once we lock in, will need help on CEO meeting prep (around WT London or before) - Priya to lead content prep","Problem: No buying activity; lot of courtesies; Julie working with AD to get CEO problem to solve for a Big Vision + NEAR TERM workstreams with ACV attached. 
SIC agenda vetted, logged SIC request
Priya supporting Experian vision (Jake Weinberg vetting agenda with Experian)
AD pull in Joe Inzerillo for the Agentic Enterprise PoV [b2b + b2c]
Coordinating with WT London - ""what is future of Experian as Agentic Enterprise?"" 
NEED: Who is going to lead the Salesforce Agentic Solution section?","SIC agenda vetted, logged SIC request - ""What is future of Experian as Agentic Enterprise?"" 
Having challenges getting SIC team support because it is London World Tour - Julie escalating
Need to outline the flow & content topics to ensure we are staying at the right level & have the right people engaged
Pull in Joe Inzerillo for the Agentic Enterprise PoV [b2b + b2c]
Coordinating with WT London
","Alexandra is suggesting we leverage BAE content to share with Brian and team at SIC. Content shared with Ashley and Jake
 SIC agenda vetted, logged SIC request - ""What is future of Experian as Agentic Enterprise?"" 
Having challenges getting SIC team support because it is London World Tour - Julie escalating
Need to outline the flow & content topics to ensure we are staying at the right level & have the right people engaged
Pull in Joe Inzerillo for the Agentic Enterprise PoV [b2b + b2c]
Coordinating with WT London ","4/28 - EA preparing for Business ARchitecture and Agentic REadiness evaluation- workshop P2C for B2B org- with goal of outputs readback at June SIC in London. Charter drafted, meeting with Jim this week to finalize.
SIC confirmed for June 17 (London World Tour Week)
- Kick off SIC team
- Determine flow / owners / speakers (e.g., Pull in Joe Inzerillo for the Agentic Enterprise PoV [b2b + b2c])
- Draft the Experian agentic enterprise content + demo
Priya Stipe supporting","Sizzle video requested for 6/17 London SIC. Exec audience: CEO, Chief Strategy Officer, Managing Director. Video in production pipeline
Agenda and speakers drafted - requests are out. Priya working on PoV with Jake & Ashley. 
Video not demo for SIC; Ashley following intake now 
Ensure we are aligning with what CEO needs not what we need! ","Video requested for 6/17 London SIC. In production pipeline.
Agenda and speakers drafted - requests are out. Priya working on PoV with Jake & Ashley. 
Ensure we are aligning with what CEO needs not what we need! 
UK SIC 6/17, London WT 6/18, US SIC 7/22; MULA Q2 on track; API CoE friction flagged","UK SIC 6/17, London WT 6/18, US SIC 7/22
Video requested - In production pipeline.
PoV needs to be started this week - initial account perspective drafted, priya to review and help build content.
Ensure we are aligning with what CEO needs not what we need! 
MULA Q2 on track; API CoE friction flagged","UK SIC 6/17, London WT SIC 6/18 (Neil O'Connor, CTO UK B2C), Victoria/Nottingham SIC week of WT (Arihant Jain, CTO UK), US SIC 7/22 (Jeff Scanlon, CTO FSD). POV drafted — Priya reviewing. Video in production pipeline. MULA Q2 on track.","UK SIC 6/17, London WT SIC 6/18 (Neil O'Connor, CTO UK B2C), Victoria/Nottingham SIC week of WT (Arihant Jain, CTO UK), US SIC 7/22 (Jeff Scanlon, CTO FSD). POV drafted — Priya reviewing. Video in production pipeline. MULA Q2 on track.","UK SIC 6/17, London WT SIC 6/18 (Neil O'Connor, CTO UK B2C), Victoria/Nottingham SIC week of WT (Arihant Jain, CTO UK), US SIC 7/22 (Jeff Scanlon, CTO FSD). POV drafted — Priya reviewing. Video in production pipeline. MULA Q2 on track.","UK SIC 6/17, London WT SIC 6/18 (Neil O'Connor, CTO UK B2C), Victoria/Nottingham SIC week of WT (Arihant Jain, CTO UK), US SIC 7/22 (Jeff Scanlon, CTO FSD). POV drafted — Priya reviewing. Video in production pipeline. MULA Q2 on track.","UK SIC 6/17, London WT SIC 6/18 (Neil O'Connor, CTO UK B2C), Victoria/Nottingham SIC week of WT (Arihant Jain, CTO UK), US SIC 7/22 (Jeff Scanlon, CTO FSD). POV drafted — Priya reviewing. Video in production pipeline. MULA Q2 on track.","SIC prep kicked off with London team. Working on agenda, speakers. Aligned on general topics & content flow. Priya to draft initial agentic enterprise/data foundations content as starting point and the experian pov

*A lot of workstreams; need a CEO strategic POV*",Jake Weinberg,Ashley Berger,Cole McMeen,NONE,Alexandra Scott,NONE,Jake Connors,Wes Frye,Priya Stipe,,EA DSR,High Level SIC Agenda Validation,experian-all,sic-UKI-Experian-Group-Limited-Jun-17,"Half day SIC in London (during World Tour) - Becoming an Agentic Enterprise, Salesforce Agentic Architecture/Soluiton, Experian as an Agentic Enterprise Vision (B2B & B2C & partnership for data enrichment)

Salesforce Solution section needs to incorporate - Data/Mule/Informatica, Security around Regulated/Unregulated data.
Vision should include something about a data partnership - rendering customer data into SF

Going to priortize US perspective. "
Experian,Solidify,Wardah Ansari,RFx,Completed,,,,,"Demo 4/10
Dry Runs: April 6 (marketing feedback) and April 7 (Data 360 product team) 
12 new follow-up questions from Experian on 4/1 — SME responses needed ASAP
Data Cloud Zero Copy POT going well; strong proof point for the demo","UPDATE? 
Demo 4/10
12 new follow-up questions from Experian on 4/1","UPDATE? 
Demo 4/10
12 new follow-up questions from Experian on 4/1",RFP UPDATE?,"Advanced to FINAL ROUND of ECS + CDP RFP! 
Moving to POT phase at no cost. 
Pricing + technical calls booked 5/14. 
Customer reference needed by end of May. 
Laura Case reviewed success criteria; offered guidance. 
Engaging BVS now ",Final round RFP + POT kicked off,Final round RFP + POT kicked off,"Final round RFP and POT in progress. MULA Q2 on track. AI Foundry sessions confirmed: internal 6/12, ECS CTO (Nikhil Menon) call 6/26. TA for AI Foundry conversations being identified.",Final round RFP and POT in progress. MULA Q2 on track. AI Foundry internal session complete 6/12. ECS CTO (Nikhil Menon) AI Foundry call 6/26. TA for AI Foundry conversations being identified.,FOR CDP: We're gonna go close the damn thing. ,FOR CDP: We're gonna go close the damn thing. ,FOR CDP: We're gonna go close the damn thing. ,No RFP dates - moving slow. Interim plan needed,Jake Weinberg,Ashley Berger,Cole McMeen,NONE,Alexandra Scott,NONE,NONE,NONE,NONE,,,,experian-all,,
Experian,Solidify,Wardah Ansari,AI Workshop,Postponed,,,,,,,,,"AF AD asking for support for AF Vibes deal and specifically an AF Vibes Hackathon workshop. 
What is needed here? Can this be part of July engagement? ","1 use case hackathon late summer; not priority, little implication. Lower priority. ","1 use case hackathon late summer; not priority, little implication. Lower priority. ","1 use case hackathon late summer; not priority, little implication. Lower priority. ","1 use case hackathon late summer; not priority, little implication. Lower priority. ","1 use case hackathon late summer; not priority, little implication. Lower priority. ","1 use case hackathon late summer; not priority, little implication. Lower priority. ","1 use case hackathon late summer; not priority, little implication. Lower priority. ",,Jake Weinberg,Ashley Berger,Cole McMeen,Laura Case (POC Lead),Alexandra Scott,,,,,,,,,,
Experian,Solidify,Wardah Ansari,Architecture Review,In Process,7/22/2026,,,,,,,,Business architecture engagement with Alexandra that supports SIC,5/19/2026 Workshop date moved June 2. Prep underway for Business architecture engagement with Alexandra that supports SIC,"Workshop June 2 (confirmed). Key themes: AI augmentation (not replacement), BDR data gaps, CRM auto-cleansing. Initial readback at SIC June 17 with full readout end of June.","Workshop 6/2 complete. Key themes: AI augmentation, BDR data gaps, CRM auto-cleansing. Initial readback at SIC 6/17. Major healthcare discovery call 6/4 — Software Delivery, Client Onboarding, Product teams all engaged. Full readout end of June.","6/16/2026 in addition to SIC in London, team working on compiling findings and creating recommendations from Workshop
UK SIC 6/17 London (tomorrow), London WT SIC 6/18 (Neil O'Connor, CTO UK B2C), Victoria/Nottingham SIC week of WT (Arihant Jain, CTO UK), US SIC 7/22 (Jeff Scanlon, CTO FSD). POV drafted — Priya reviewing. Video in production pipeline. MULA Q2 on track.","AI Foundry call 6/26 with Nikhil Menon (CTO ECS). 
US SIC 7/22 Jeff Scanlon (CTO FSD) confirmed. Taking message from London SIC down to business. 
No POD needs at this time - Wardah will f/u with Priya if anything needed - can repurpose a lot of UK content. ","AI Foundry call 6/26 with Nikhil Menon (CTO ECS). 
US SIC 7/22 Jeff Scanlon (CTO FSD) confirmed. Taking message from London SIC down to business. 
No POD needs at this time - Wardah will f/u with Priya if anything needed - can repurpose a lot of UK content. ","AI Foundry call held 6/26 with Nikhil Menon (CTO ECS). US SIC 7/22 with Jeff Scanlon (CTO FSD) confirmed and in full prep. Tableau Server-to-Plus renewal closing 7/24 in pipeline. MULA discussions advancing post-Ryan Battis/Jeff Scanlon call 7/2. 
Red flag: $2B AWS commitment and Build vs. Buy mentality noted for SIC prep.",,Jake Weinberg,Ashley Berger,Cole McMeen,,Alexandra Scott,,,,,,,,,,
Vestis,Transform,Wardah Ansari,SIC,In Process,,,,,,"ATL SIC with CEO CIO CMO + Juan, Help facilitating mtg. ","Upcoming ATL SIC with CEO CIO CMO + Juan, Help facilitating mtg. ","Upcoming ATL SIC with CEO CIO CMO + Juan, Help facilitating mtg. 

Date TBD",CEO Jim Barber first look 5/5 — very well received. Service-first homepage confirmed. Jennifer O'Beirne (VP Mktg) + Carlos Roque (Sr. Dir Customer Care) added 5/7. CEO personally invited SF to 3-year strategy session w/ top 100 execs — only vendor invited. Board demo actively iterating daily. Next milestone: 5/18 board presentation prep deadline.,"Board demo delivered 5/18, only vendor at CEO's 3-year strategy session, SFO SIC targeting early June","Board demo delivered 5/18. Video to CIO 5/19 — team extremely impressed. ELT 5/20 (exec leadership review). Board presentation 5/28. SIC June 17, SFO Tower. Salesforce only vendor at CEO 3-yr strategy session. ABS ERP API integration being scoped for SIC.","SIC 6/17 SFO Tower confirmed. Internal prep sync complete 6/3 — demo story finalized, SE roles assigned. RCA disco sessions scheduling (options 6/8, 6/9, 6/11). Customer requested SPIFF capabilities be included in Art of Possible session. ABS ERP API integration scoping underway.",SIC 6/17 SFO Tower tomorrow. Taksina exec briefing doc complete and distributed. ARM materials shared with Vestis team. Demo journey finalized; bumper slides complete. Dry runs Mon/Tue. CapTech certs and references requested for product leader prep. ABS ERP API integration scoping underway.,"Q3 BIG BET! Full Digital Transformation. 
Will need POD support as it unfolds! ","Q3 BIG BET! Full Digital Transformation. 
Will need POD support as it unfolds! ",Internal leadership alignment sync held 7/1 with Wendy Zacchio (CIO) and Mike (VP IT). Jim Barber's transformation mandate creating urgency — My Vestis App rollout by 9/30 is north star. Wendy and Mike socializing SIC takeaways across ELT. MAP alignment workstream meeting held 7/7. September/October larger transaction aligned to. CapTech and Cognizant as preferred SIs. Video production for C-level in progress. POD support will be needed as transformation unfolds.,SIC held 4/30 CEO Jim Barber preview call 5/5. Board demo (5-min recorded walkthrough + live app) due 5/18. Dac + Bill building on SDO. CapTech supporting. Thursday 5/7 checkpoint with Vestis. SIC in SF targeting early June,Madalena Santana,Bill Zawadski,None,NONE,Alexandra Scott,NONE,NONE,Wes Frye,NONE,,,,Vestis Corporation,,
,,,,,,,,,,,,,,,,,,,,,,,,,,,,,,,,,,,,
,,,,,,,,,,,,,,,,,,,,,,,,,,,,,,,,,,,,
,,,,,,,,,,,,,,,,,,,,,,,,,,,,,,,,,,,,
,,,,,,,,,,,,,,,,,,,,,,,,,,,,,,,,,,,,
,,,,,,,,,,,,,,,,,,,,,,,,,,,,,,,,,,,,
,,,,,,,,,,,,,,,,,,,,,,,,,,,,,,,,,,,,
,,,,,,,,,,,,,,,,,,,,,,,,,,,,,,,,,,,,
,,,,,,,,,,,,,,,,,,,,,,,,,,,,,,,,,,,,
,,,,,,,,,,,,,,,,,,,,,,,,,,,,,,,,,,,,
,,,,,,,,,,,,,,,,,,,,,,,,,,,,,,,,,,,,
,,,,,,,,,,,,,,,,,,,,,,,,,,,,,,,,,,,,
,,,,,,,,,,,,,,,,,,,,,,,,,,,,,,,,,,,,
,,,,,,,,,,,,,,,,,,,,,,,,,,,,,,,,,,,,
,,,,,,,,,,,,,,,,,,,,,,,,,,,,,,,,,,,,
,,,,,,,,,,,,,,,,,,,,,,,,,,,,,,,,,,,,
,,,,,,,,,,,,,,,,,,,,,,,,,,,,,,,,,,,,
,,,,,,,,,,,,,,,,,,,,,,,,,,,,,,,,,,,,
,,,,,,,,,,,,,,,,,,,,,,,,,,,,,,,,,,,,
,,,,,,,,,,,,,,,,,,,,,,,,,,,,,,,,,,,,
,,,,,,,,,,,,,,,,,,,,,,,,,,,,,,,,,,,,
,,,,,,,,,,,,,,,,,,,,,,,,,,,,,,,,,,,,
,,,,,,,,,,,,,,,,,,,,,,,,,,,,,,,,,,,,
,,,,,,,,,,,,,,,,,,,,,,,,,,,,,,,,,,,,
,,,,,,,,,,,,,,,,,,,,,,,,,,,,,,,,,,,,
,,,,,,,,,,,,,,,,,,,,,,,,,,,,,,,,,,,,
,,,,,,,,,,,,,,,,,,,,,,,,,,,,,,,,,,,,
,,,,,,,,,,,,,,,,,,,,,,,,,,,,,,,,,,,,
,,,,,,,,,,,,,,,,,,,,,,,,,,,,,,,,,,,,
,,,,,,,,,,,,,,,,,,,,,,,,,,,,,,,,,,,,
,,,,,,,,,,,,,,,,,,,,,,,,,,,,,,,,,,,,
,,,,,,,,,,,,,,,,,,,,,,,,,,,,,,,,,,,,
,,,,,,,,,,,,,,,,,,,,,,,,,,,,,,,,,,,,
,,,,,,,,,,,,,,,,,,,,,,,,,,,,,,,,,,,,
,,,,,,,,,,,,,,,,,,,,,,,,,,,,,,,,,,,,
,,,,,,,,,,,,,,,,,,,,,,,,,,,,,,,,,,,,
,,,,,,,,,,,,,,,,,,,,,,,,,,,,,,,,,,,,
,,,,,,,,,,,,,,,,,,,,,,,,,,,,,,,,,,,,
,,,,,,,,,,,,,,,,,,,,,,,,,,,,,,,,,,,,
,,,,,,,,,,,,,,,,,,,,,,,,,,,,,,,,,,,,
,,,,,,,,,,,,,,,,,,,,,,,,,,,,,,,,,,,,
,,,,,,,,,,,,,,,,,,,,,,,,,,,,,,,,,,,,
,,,,,,,,,,,,,,,,,,,,,,,,,,,,,,,,,,,,
,,,,,,,,,,,,,,,,,,,,,,,,,,,,,,,,,,,,
,,,,,,,,,,,,,,,,,,,,,,,,,,,,,,,,,,,,
,,,,,,,,,,,,,,,,,,,,,,,,,,,,,,,,,,,,
,,,,,,,,,,,,,,,,,,,,,,,,,,,,,,,,,,,,
,,,,,,,,,,,,,,,,,,,,,,,,,,,,,,,,,,,,
,,,,,,,,,,,,,,,,,,,,,,,,,,,,,,,,,,,,
,,,,,,,,,,,,,,,,,,,,,,,,,,,,,,,,,,,,
,,,,,,,,,,,,,,,,,,,,,,,,,,,,,,,,,,,,
,,,,,,,,,,,,,,,,,,,,,,,,,,,,,,,,,,,,
,,,,,,,,,,,,,,,,,,,,,,,,,,,,,,,,,,,,
,,,,,,,,,,,,,,,,,,,,,,,,,,,,,,,,,,,,
,,,,,,,,,,,,,,,,,,,,,,,,,,,,,,,,,,,,
,,,,,,,,,,,,,,,,,,,,,,,,,,,,,,,,,,,,
,,,,,,,,,,,,,,,,,,,,,,,,,,,,,,,,,,,,
,,,,,,,,,,,,,,,,,,,,,,,,,,,,,,,,,,,,
,,,,,,,,,,,,,,,,,,,,,,,,,,,,,,,,,,,,
,,,,,,,,,,,,,,,,,,,,,,,,,,,,,,,,,,,,
,,,,,,,,,,,,,,,,,,,,,,,,,,,,,,,,,,,,
,,,,,,,,,,,,,,,,,,,,,,,,,,,,,,,,,,,,
,,,,,,,,,,,,,,,,,,,,,,,,,,,,,,,,,,,,
,,,,,,,,,,,,,,,,,,,,,,,,,,,,,,,,,,,,
,,,,,,,,,,,,,,,,,,,,,,,,,,,,,,,,,,,,
,,,,,,,,,,,,,,,,,,,,,,,,,,,,,,,,,,,,
,,,,,,,,,,,,,,,,,,,,,,,,,,,,,,,,,,,,
,,,,,,,,,,,,,,,,,,,,,,,,,,,,,,,,,,,,
,,,,,,,,,,,,,,,,,,,,,,,,,,,,,,,,,,,,
,,,,,,,,,,,,,,,,,,,,,,,,,,,,,,,,,,,,
,,,,,,,,,,,,,,,,,,,,,,,,,,,,,,,,,,,,
,,,,,,,,,,,,,,,,,,,,,,,,,,,,,,,,,,,,
,,,,,,,,,,,,,,,,,,,,,,,,,,,,,,,,,,,,
,,,,,,,,,,,,,,,,,,,,,,,,,,,,,,,,,,,,
,,,,,,,,,,,,,,,,,,,,,,,,,,,,,,,,,,,,
,,,,,,,,,,,,,,,,,,,,,,,,,,,,,,,,,,,,
,,,,,,,,,,,,,,,,,,,,,,,,,,,,,,,,,,,,
,,,,,,,,,,,,,,,,,,,,,,,,,,,,,,,,,,,,
,,,,,,,,,,,,,,,,,,,,,,,,,,,,,,,,,,,,
,,,,,,,,,,,,,,,,,,,,,,,,,,,,,,,,,,,,
,,,,,,,,,,,,,,,,,,,,,,,,,,,,,,,,,,,,
,,,,,,,,,,,,,,,,,,,,,,,,,,,,,,,,,,,,
,,,,,,,,,,,,,,,,,,,,,,,,,,,,,,,,,,,,
,,,,,,,,,,,,,,,,,,,,,,,,,,,,,,,,,,,,
,,,,,,,,,,,,,,,,,,,,,,,,,,,,,,,,,,,,
,,,,,,,,,,,,,,,,,,,,,,,,,,,,,,,,,,,,
,,,,,,,,,,,,,,,,,,,,,,,,,,,,,,,,,,,,
,,,,,,,,,,,,,,,,,,,,,,,,,,,,,,,,,,,,
,,,,,,,,,,,,,,,,,,,,,,,,,,,,,,,,,,,,
,,,,,,,,,,,,,,,,,,,,,,,,,,,,,,,,,,,,
,,,,,,,,,,,,,,,,,,,,,,,,,,,,,,,,,,,,
,,,,,,,,,,,,,,,,,,,,,,,,,,,,,,,,,,,,
,,,,,,,,,,,,,,,,,,,,,,,,,,,,,,,,,,,,
,,,,,,,,,,,,,,,,,,,,,,,,,,,,,,,,,,,,
,,,,,,,,,,,,,,,,,,,,,,,,,,,,,,,,,,,,
,,,,,,,,,,,,,,,,,,,,,,,,,,,,,,,,,,,,
,,,,,,,,,,,,,,,,,,,,,,,,,,,,,,,,,,,,
,,,,,,,,,,,,,,,,,,,,,,,,,,,,,,,,,,,,
,,,,,,,,,,,,,,,,,,,,,,,,,,,,,,,,,,,,
,,,,,,,,,,,,,,,,,,,,,,,,,,,,,,,,,,,,
,,,,,,,,,,,,,,,,,,,,,,,,,,,,,,,,,,,,
,,,,,,,,,,,,,,,,,,,,,,,,,,,,,,,,,,,,
,,,,,,,,,,,,,,,,,,,,,,,,,,,,,,,,,,,,
,,,,,,,,,,,,,,,,,,,,,,,,,,,,,,,,,,,,
,,,,,,,,,,,,,,,,,,,,,,,,,,,,,,,,,,,,
,,,,,,,,,,,,,,,,,,,,,,,,,,,,,,,,,,,,
,,,,,,,,,,,,,,,,,,,,,,,,,,,,,,,,,,,,
,,,,,,,,,,,,,,,,,,,,,,,,,,,,,,,,,,,,
,,,,,,,,,,,,,,,,,,,,,,,,,,,,,,,,,,,,
,,,,,,,,,,,,,,,,,,,,,,,,,,,,,,,,,,,,
,,,,,,,,,,,,,,,,,,,,,,,,,,,,,,,,,,,,
,,,,,,,,,,,,,,,,,,,,,,,,,,,,,,,,,,,,
,,,,,,,,,,,,,,,,,,,,,,,,,,,,,,,,,,,,
,,,,,,,,,,,,,,,,,,,,,,,,,,,,,,,,,,,,
,,,,,,,,,,,,,,,,,,,,,,,,,,,,,,,,,,,,
,,,,,,,,,,,,,,,,,,,,,,,,,,,,,,,,,,,,
,,,,,,,,,,,,,,,,,,,,,,,,,,,,,,,,,,,,
,,,,,,,,,,,,,,,,,,,,,,,,,,,,,,,,,,,,
,,,,,,,,,,,,,,,,,,,,,,,,,,,,,,,,,,,,
,,,,,,,,,,,,,,,,,,,,,,,,,,,,,,,,,,,,
,,,,,,,,,,,,,,,,,,,,,,,,,,,,,,,,,,,,
,,,,,,,,,,,,,,,,,,,,,,,,,,,,,,,,,,,,
,,,,,,,,,,,,,,,,,,,,,,,,,,,,,,,,,,,,
,,,,,,,,,,,,,,,,,,,,,,,,,,,,,,,,,,,,
,,,,,,,,,,,,,,,,,,,,,,,,,,,,,,,,,,,,
,,,,,,,,,,,,,,,,,,,,,,,,,,,,,,,,,,,,
,,,,,,,,,,,,,,,,,,,,,,,,,,,,,,,,,,,,
,,,,,,,,,,,,,,,,,,,,,,,,,,,,,,,,,,,,
,,,,,,,,,,,,,,,,,,,,,,,,,,,,,,,,,,,,
,,,,,,,,,,,,,,,,,,,,,,,,,,,,,,,,,,,,
,,,,,,,,,,,,,,,,,,,,,,,,,,,,,,,,,,,,
,,,,,,,,,,,,,,,,,,,,,,,,,,,,,,,,,,,,
,,,,,,,,,,,,,,,,,,,,,,,,,,,,,,,,,,,,
,,,,,,,,,,,,,,,,,,,,,,,,,,,,,,,,,,,,
,,,,,,,,,,,,,,,,,,,,,,,,,,,,,,,,,,,,
,,,,,,,,,,,,,,,,,,,,,,,,,,,,,,,,,,,,
,,,,,,,,,,,,,,,,,,,,,,,,,,,,,,,,,,,,
,,,,,,,,,,,,,,,,,,,,,,,,,,,,,,,,,,,,
,,,,,,,,,,,,,,,,,,,,,,,,,,,,,,,,,,,,
,,,,,,,,,,,,,,,,,,,,,,,,,,,,,,,,,,,,
,,,,,,,,,,,,,,,,,,,,,,,,,,,,,,,,,,,,
,,,,,,,,,,,,,,,,,,,,,,,,,,,,,,,,,,,,
,,,,,,,,,,,,,,,,,,,,,,,,,,,,,,,,,,,,
,,,,,,,,,,,,,,,,,,,,,,,,,,,,,,,,,,,,
,,,,,,,,,,,,,,,,,,,,,,,,,,,,,,,,,,,,
,,,,,,,,,,,,,,,,,,,,,,,,,,,,,,,,,,,,
,,,,,,,,,,,,,,,,,,,,,,,,,,,,,,,,,,,,
,,,,,,,,,,,,,,,,,,,,,,,,,,,,,,,,,,,,
,,,,,,,,,,,,,,,,,,,,,,,,,,,,,,,,,,,,
,,,,,,,,,,,,,,,,,,,,,,,,,,,,,,,,,,,,
,,,,,,,,,,,,,,,,,,,,,,,,,,,,,,,,,,,,
,,,,,,,,,,,,,,,,,,,,,,,,,,,,,,,,,,,,
,,,,,,,,,,,,,,,,,,,,,,,,,,,,,,,,,,,,
,,,,,,,,,,,,,,,,,,,,,,,,,,,,,,,,,,,,
,,,,,,,,,,,,,,,,,,,,,,,,,,,,,,,,,,,,
,,,,,,,,,,,,,,,,,,,,,,,,,,,,,,,,,,,,
,,,,,,,,,,,,,,,,,,,,,,,,,,,,,,,,,,,,
,,,,,,,,,,,,,,,,,,,,,,,,,,,,,,,,,,,,
,,,,,,,,,,,,,,,,,,,,,,,,,,,,,,,,,,,,
,,,,,,,,,,,,,,,,,,,,,,,,,,,,,,,,,,,,
,,,,,,,,,,,,,,,,,,,,,,,,,,,,,,,,,,,,
,,,,,,,,,,,,,,,,,,,,,,,,,,,,,,,,,,,,
,,,,,,,,,,,,,,,,,,,,,,,,,,,,,,,,,,,,
,,,,,,,,,,,,,,,,,,,,,,,,,,,,,,,,,,,,
,,,,,,,,,,,,,,,,,,,,,,,,,,,,,,,,,,,,
,,,,,,,,,,,,,,,,,,,,,,,,,,,,,,,,,,,,
,,,,,,,,,,,,,,,,,,,,,,,,,,,,,,,,,,,,
,,,,,,,,,,,,,,,,,,,,,,,,,,,,,,,,,,,,
,,,,,,,,,,,,,,,,,,,,,,,,,,,,,,,,,,,,
,,,,,,,,,,,,,,,,,,,,,,,,,,,,,,,,,,,,
,,,,,,,,,,,,,,,,,,,,,,,,,,,,,,,,,,,,
,,,,,,,,,,,,,,,,,,,,,,,,,,,,,,,,,,,,
,,,,,,,,,,,,,,,,,,,,,,,,,,,,,,,,,,,,
,,,,,,,,,,,,,,,,,,,,,,,,,,,,,,,,,,,,
,,,,,,,,,,,,,,,,,,,,,,,,,,,,,,,,,,,,
,,,,,,,,,,,,,,,,,,,,,,,,,,,,,,,,,,,,
,,,,,,,,,,,,,,,,,,,,,,,,,,,,,,,,,,,,
,,,,,,,,,,,,,,,,,,,,,,,,,,,,,,,,,,,,
,,,,,,,,,,,,,,,,,,,,,,,,,,,,,,,,,,,,
,,,,,,,,,,,,,,,,,,,,,,,,,,,,,,,,,,,,
,,,,,,,,,,,,,,,,,,,,,,,,,,,,,,,,,,,,
,,,,,,,,,,,,,,,,,,,,,,,,,,,,,,,,,,,,
,,,,,,,,,,,,,,,,,,,,,,,,,,,,,,,,,,,,
,,,,,,,,,,,,,,,,,,,,,,,,,,,,,,,,,,,,
,,,,,,,,,,,,,,,,,,,,,,,,,,,,,,,,,,,,
,,,,,,,,,,,,,,,,,,,,,,,,,,,,,,,,,,,,
,,,,,,,,,,,,,,,,,,,,,,,,,,,,,,,,,,,,
,,,,,,,,,,,,,,,,,,,,,,,,,,,,,,,,,,,,
,,,,,,,,,,,,,,,,,,,,,,,,,,,,,,,,,,,,
,,,,,,,,,,,,,,,,,,,,,,,,,,,,,,,,,,,,
,,,,,,,,,,,,,,,,,,,,,,,,,,,,,,,,,,,,
,,,,,,,,,,,,,,,,,,,,,,,,,,,,,,,,,,,,
,,,,,,,,,,,,,,,,,,,,,,,,,,,,,,,,,,,,
,,,,,,,,,,,,,,,,,,,,,,,,,,,,,,,,,,,,
,,,,,,,,,,,,,,,,,,,,,,,,,,,,,,,,,,,,
,,,,,,,,,,,,,,,,,,,,,,,,,,,,,,,,,,,,
,,,,,,,,,,,,,,,,,,,,,,,,,,,,,,,,,,,,
,,,,,,,,,,,,,,,,,,,,,,,,,,,,,,,,,,,,
,,,,,,,,,,,,,,,,,,,,,,,,,,,,,,,,,,,,
,,,,,,,,,,,,,,,,,,,,,,,,,,,,,,,,,,,,
,,,,,,,,,,,,,,,,,,,,,,,,,,,,,,,,,,,,
,,,,,,,,,,,,,,,,,,,,,,,,,,,,,,,,,,,,
,,,,,,,,,,,,,,,,,,,,,,,,,,,,,,,,,,,,
,,,,,,,,,,,,,,,,,,,,,,,,,,,,,,,,,,,,
,,,,,,,,,,,,,,,,,,,,,,,,,,,,,,,,,,,,
,,,,,,,,,,,,,,,,,,,,,,,,,,,,,,,,,,,,
,,,,,,,,,,,,,,,,,,,,,,,,,,,,,,,,,,,,
,,,,,,,,,,,,,,,,,,,,,,,,,,,,,,,,,,,,
,,,,,,,,,,,,,,,,,,,,,,,,,,,,,,,,,,,,
,,,,,,,,,,,,,,,,,,,,,,,,,,,,,,,,,,,,
,,,,,,,,,,,,,,,,,,,,,,,,,,,,,,,,,,,,
,,,,,,,,,,,,,,,,,,,,,,,,,,,,,,,,,,,,
,,,,,,,,,,,,,,,,,,,,,,,,,,,,,,,,,,,,
,,,,,,,,,,,,,,,,,,,,,,,,,,,,,,,,,,,,
,,,,,,,,,,,,,,,,,,,,,,,,,,,,,,,,,,,,
,,,,,,,,,,,,,,,,,,,,,,,,,,,,,,,,,,,,
,,,,,,,,,,,,,,,,,,,,,,,,,,,,,,,,,,,,
,,,,,,,,,,,,,,,,,,,,,,,,,,,,,,,,,,,,
,,,,,,,,,,,,,,,,,,,,,,,,,,,,,,,,,,,,
,,,,,,,,,,,,,,,,,,,,,,,,,,,,,,,,,,,,
,,,,,,,,,,,,,,,,,,,,,,,,,,,,,,,,,,,,
,,,,,,,,,,,,,,,,,,,,,,,,,,,,,,,,,,,,
,,,,,,,,,,,,,,,,,,,,,,,,,,,,,,,,,,,,
,,,,,,,,,,,,,,,,,,,,,,,,,,,,,,,,,,,,
,,,,,,,,,,,,,,,,,,,,,,,,,,,,,,,,,,,,
,,,,,,,,,,,,,,,,,,,,,,,,,,,,,,,,,,,,
,,,,,,,,,,,,,,,,,,,,,,,,,,,,,,,,,,,,
,,,,,,,,,,,,,,,,,,,,,,,,,,,,,,,,,,,,
,,,,,,,,,,,,,,,,,,,,,,,,,,,,,,,,,,,,
,,,,,,,,,,,,,,,,,,,,,,,,,,,,,,,,,,,,
,,,,,,,,,,,,,,,,,,,,,,,,,,,,,,,,,,,,
,,,,,,,,,,,,,,,,,,,,,,,,,,,,,,,,,,,,
,,,,,,,,,,,,,,,,,,,,,,,,,,,,,,,,,,,,
,,,,,,,,,,,,,,,,,,,,,,,,,,,,,,,,,,,,
,,,,,,,,,,,,,,,,,,,,,,,,,,,,,,,,,,,,
,,,,,,,,,,,,,,,,,,,,,,,,,,,,,,,,,,,,
,,,,,,,,,,,,,,,,,,,,,,,,,,,,,,,,,,,,
,,,,,,,,,,,,,,,,,,,,,,,,,,,,,,,,,,,,
,,,,,,,,,,,,,,,,,,,,,,,,,,,,,,,,,,,,
,,,,,,,,,,,,,,,,,,,,,,,,,,,,,,,,,,,,
,,,,,,,,,,,,,,,,,,,,,,,,,,,,,,,,,,,,
,,,,,,,,,,,,,,,,,,,,,,,,,,,,,,,,,,,,
,,,,,,,,,,,,,,,,,,,,,,,,,,,,,,,,,,,,
,,,,,,,,,,,,,,,,,,,,,,,,,,,,,,,,,,,,
,,,,,,,,,,,,,,,,,,,,,,,,,,,,,,,,,,,,
,,,,,,,,,,,,,,,,,,,,,,,,,,,,,,,,,,,,
,,,,,,,,,,,,,,,,,,,,,,,,,,,,,,,,,,,,
,,,,,,,,,,,,,,,,,,,,,,,,,,,,,,,,,,,,
,,,,,,,,,,,,,,,,,,,,,,,,,,,,,,,,,,,,
,,,,,,,,,,,,,,,,,,,,,,,,,,,,,,,,,,,,
,,,,,,,,,,,,,,,,,,,,,,,,,,,,,,,,,,,,
,,,,,,,,,,,,,,,,,,,,,,,,,,,,,,,,,,,,
,,,,,,,,,,,,,,,,,,,,,,,,,,,,,,,,,,,,
,,,,,,,,,,,,,,,,,,,,,,,,,,,,,,,,,,,,
,,,,,,,,,,,,,,,,,,,,,,,,,,,,,,,,,,,,
,,,,,,,,,,,,,,,,,,,,,,,,,,,,,,,,,,,,
,,,,,,,,,,,,,,,,,,,,,,,,,,,,,,,,,,,,
,,,,,,,,,,,,,,,,,,,,,,,,,,,,,,,,,,,,
,,,,,,,,,,,,,,,,,,,,,,,,,,,,,,,,,,,,
,,,,,,,,,,,,,,,,,,,,,,,,,,,,,,,,,,,,
,,,,,,,,,,,,,,,,,,,,,,,,,,,,,,,,,,,,
,,,,,,,,,,,,,,,,,,,,,,,,,,,,,,,,,,,,
,,,,,,,,,,,,,,,,,,,,,,,,,,,,,,,,,,,,
,,,,,,,,,,,,,,,,,,,,,,,,,,,,,,,,,,,,
,,,,,,,,,,,,,,,,,,,,,,,,,,,,,,,,,,,,
,,,,,,,,,,,,,,,,,,,,,,,,,,,,,,,,,,,,
,,,,,,,,,,,,,,,,,,,,,,,,,,,,,,,,,,,,
,,,,,,,,,,,,,,,,,,,,,,,,,,,,,,,,,,,,
,,,,,,,,,,,,,,,,,,,,,,,,,,,,,,,,,,,,
,,,,,,,,,,,,,,,,,,,,,,,,,,,,,,,,,,,,
,,,,,,,,,,,,,,,,,,,,,,,,,,,,,,,,,,,,
,,,,,,,,,,,,,,,,,,,,,,,,,,,,,,,,,,,,
,,,,,,,,,,,,,,,,,,,,,,,,,,,,,,,,,,,,
,,,,,,,,,,,,,,,,,,,,,,,,,,,,,,,,,,,,
,,,,,,,,,,,,,,,,,,,,,,,,,,,,,,,,,,,,
,,,,,,,,,,,,,,,,,,,,,,,,,,,,,,,,,,,,
,,,,,,,,,,,,,,,,,,,,,,,,,,,,,,,,,,,,
,,,,,,,,,,,,,,,,,,,,,,,,,,,,,,,,,,,,
,,,,,,,,,,,,,,,,,,,,,,,,,,,,,,,,,,,,
,,,,,,,,,,,,,,,,,,,,,,,,,,,,,,,,,,,,
,,,,,,,,,,,,,,,,,,,,,,,,,,,,,,,,,,,,
,,,,,,,,,,,,,,,,,,,,,,,,,,,,,,,,,,,,
,,,,,,,,,,,,,,,,,,,,,,,,,,,,,,,,,,,,
,,,,,,,,,,,,,,,,,,,,,,,,,,,,,,,,,,,,
,,,,,,,,,,,,,,,,,,,,,,,,,,,,,,,,,,,,
,,,,,,,,,,,,,,,,,,,,,,,,,,,,,,,,,,,,
,,,,,,,,,,,,,,,,,,,,,,,,,,,,,,,,,,,,
,,,,,,,,,,,,,,,,,,,,,,,,,,,,,,,,,,,,
,,,,,,,,,,,,,,,,,,,,,,,,,,,,,,,,,,,,
,,,,,,,,,,,,,,,,,,,,,,,,,,,,,,,,,,,,
,,,,,,,,,,,,,,,,,,,,,,,,,,,,,,,,,,,,
,,,,,,,,,,,,,,,,,,,,,,,,,,,,,,,,,,,,
,,,,,,,,,,,,,,,,,,,,,,,,,,,,,,,,,,,,
,,,,,,,,,,,,,,,,,,,,,,,,,,,,,,,,,,,,
,,,,,,,,,,,,,,,,,,,,,,,,,,,,,,,,,,,,
,,,,,,,,,,,,,,,,,,,,,,,,,,,,,,,,,,,,
,,,,,,,,,,,,,,,,,,,,,,,,,,,,,,,,,,,,
,,,,,,,,,,,,,,,,,,,,,,,,,,,,,,,,,,,,
,,,,,,,,,,,,,,,,,,,,,,,,,,,,,,,,,,,,
,,,,,,,,,,,,,,,,,,,,,,,,,,,,,,,,,,,,
,,,,,,,,,,,,,,,,,,,,,,,,,,,,,,,,,,,,
,,,,,,,,,,,,,,,,,,,,,,,,,,,,,,,,,,,,
,,,,,,,,,,,,,,,,,,,,,,,,,,,,,,,,,,,,
,,,,,,,,,,,,,,,,,,,,,,,,,,,,,,,,,,,,
,,,,,,,,,,,,,,,,,,,,,,,,,,,,,,,,,,,,
,,,,,,,,,,,,,,,,,,,,,,,,,,,,,,,,,,,,
,,,,,,,,,,,,,,,,,,,,,,,,,,,,,,,,,,,,
,,,,,,,,,,,,,,,,,,,,,,,,,,,,,,,,,,,,
,,,,,,,,,,,,,,,,,,,,,,,,,,,,,,,,,,,,
,,,,,,,,,,,,,,,,,,,,,,,,,,,,,,,,,,,,
,,,,,,,,,,,,,,,,,,,,,,,,,,,,,,,,,,,,
,,,,,,,,,,,,,,,,,,,,,,,,,,,,,,,,,,,,
,,,,,,,,,,,,,,,,,,,,,,,,,,,,,,,,,,,,
,,,,,,,,,,,,,,,,,,,,,,,,,,,,,,,,,,,,
,,,,,,,,,,,,,,,,,,,,,,,,,,,,,,,,,,,,
,,,,,,,,,,,,,,,,,,,,,,,,,,,,,,,,,,,,
,,,,,,,,,,,,,,,,,,,,,,,,,,,,,,,,,,,,
,,,,,,,,,,,,,,,,,,,,,,,,,,,,,,,,,,,,
,,,,,,,,,,,,,,,,,,,,,,,,,,,,,,,,,,,,
,,,,,,,,,,,,,,,,,,,,,,,,,,,,,,,,,,,,
,,,,,,,,,,,,,,,,,,,,,,,,,,,,,,,,,,,,
,,,,,,,,,,,,,,,,,,,,,,,,,,,,,,,,,,,,
,,,,,,,,,,,,,,,,,,,,,,,,,,,,,,,,,,,,
,,,,,,,,,,,,,,,,,,,,,,,,,,,,,,,,,,,,
,,,,,,,,,,,,,,,,,,,,,,,,,,,,,,,,,,,,
,,,,,,,,,,,,,,,,,,,,,,,,,,,,,,,,,,,,
,,,,,,,,,,,,,,,,,,,,,,,,,,,,,,,,,,,,
,,,,,,,,,,,,,,,,,,,,,,,,,,,,,,,,,,,,
,,,,,,,,,,,,,,,,,,,,,,,,,,,,,,,,,,,,
,,,,,,,,,,,,,,,,,,,,,,,,,,,,,,,,,,,,
,,,,,,,,,,,,,,,,,,,,,,,,,,,,,,,,,,,,
,,,,,,,,,,,,,,,,,,,,,,,,,,,,,,,,,,,,
,,,,,,,,,,,,,,,,,,,,,,,,,,,,,,,,,,,,
,,,,,,,,,,,,,,,,,,,,,,,,,,,,,,,,,,,,
,,,,,,,,,,,,,,,,,,,,,,,,,,,,,,,,,,,,
,,,,,,,,,,,,,,,,,,,,,,,,,,,,,,,,,,,,
,,,,,,,,,,,,,,,,,,,,,,,,,,,,,,,,,,,,
,,,,,,,,,,,,,,,,,,,,,,,,,,,,,,,,,,,,
,,,,,,,,,,,,,,,,,,,,,,,,,,,,,,,,,,,,
,,,,,,,,,,,,,,,,,,,,,,,,,,,,,,,,,,,,
,,,,,,,,,,,,,,,,,,,,,,,,,,,,,,,,,,,,
,,,,,,,,,,,,,,,,,,,,,,,,,,,,,,,,,,,,
,,,,,,,,,,,,,,,,,,,,,,,,,,,,,,,,,,,,
,,,,,,,,,,,,,,,,,,,,,,,,,,,,,,,,,,,,
,,,,,,,,,,,,,,,,,,,,,,,,,,,,,,,,,,,,
,,,,,,,,,,,,,,,,,,,,,,,,,,,,,,,,,,,,
,,,,,,,,,,,,,,,,,,,,,,,,,,,,,,,,,,,,
,,,,,,,,,,,,,,,,,,,,,,,,,,,,,,,,,,,,
,,,,,,,,,,,,,,,,,,,,,,,,,,,,,,,,,,,,
,,,,,,,,,,,,,,,,,,,,,,,,,,,,,,,,,,,,
,,,,,,,,,,,,,,,,,,,,,,,,,,,,,,,,,,,,
,,,,,,,,,,,,,,,,,,,,,,,,,,,,,,,,,,,,
,,,,,,,,,,,,,,,,,,,,,,,,,,,,,,,,,,,,
,,,,,,,,,,,,,,,,,,,,,,,,,,,,,,,,,,,,
,,,,,,,,,,,,,,,,,,,,,,,,,FALSE,FALSE,,FALSE,FALSE,FALSE,,,,,,
,,,,,,,,,,,,,,,,,,,,,,,,,FALSE,FALSE,,FALSE,FALSE,FALSE,,,,,,
,,,,,,,,,,,,,,,,,,,,,,,,,FALSE,FALSE,,FALSE,FALSE,FALSE,,,,,,
,,,,,,,,,,,,,,,,,,,,,,,,,FALSE,FALSE,,FALSE,FALSE,FALSE,,,,,,
,,,,,,,,,,,,,,,,,,,,,,,,,FALSE,FALSE,,FALSE,FALSE,FALSE,,,,,,
,,,,,,,,,,,,,,,,,,,,,,,,,FALSE,FALSE,,FALSE,FALSE,FALSE,,,,,,
,,,,,,,,,,,,,,,,,,,,,,,,,FALSE,FALSE,,FALSE,FALSE,FALSE,,,,,,
,,,,,,,,,,,,,,,,,,,,,,,,,FALSE,FALSE,,FALSE,FALSE,FALSE,,,,,,
,,,,,,,,,,,,,,,,,,,,,,,,,FALSE,FALSE,,FALSE,FALSE,FALSE,,,,,,
,,,,,,,,,,,,,,,,,,,,,,,,,FALSE,FALSE,,FALSE,FALSE,FALSE,,,,,,
,,,,,,,,,,,,,,,,,,,,,,,,,FALSE,FALSE,,FALSE,FALSE,FALSE,,,,,,
,,,,,,,,,,,,,,,,,,,,,,,,,FALSE,FALSE,,FALSE,FALSE,FALSE,,,,,,
,,,,,,,,,,,,,,,,,,,,,,,,,FALSE,FALSE,,FALSE,FALSE,FALSE,,,,,,
,,,,,,,,,,,,,,,,,,,,,,,,,FALSE,FALSE,,FALSE,FALSE,FALSE,,,,,,
,,,,,,,,,,,,,,,,,,,,,,,,,FALSE,FALSE,,FALSE,FALSE,FALSE,,,,,,
,,,,,,,,,,,,,,,,,,,,,,,,,FALSE,FALSE,,FALSE,FALSE,FALSE,,,,,,
,,,,,,,,,,,,,,,,,,,,,,,,,FALSE,FALSE,,FALSE,FALSE,FALSE,,,,,,
,,,,,,,,,,,,,,,,,,,,,,,,,FALSE,FALSE,,FALSE,FALSE,FALSE,,,,,,
,,,,,,,,,,,,,,,,,,,,,,,,,FALSE,FALSE,,FALSE,FALSE,FALSE,,,,,,
,,,,,,,,,,,,,,,,,,,,,,,,,FALSE,FALSE,,FALSE,FALSE,FALSE,,,,,,
,,,,,,,,,,,,,,,,,,,,,,,,,FALSE,FALSE,,FALSE,FALSE,FALSE,,,,,,
,,,,,,,,,,,,,,,,,,,,,,,,,FALSE,FALSE,,FALSE,FALSE,FALSE,,,,,,
,,,,,,,,,,,,,,,,,,,,,,,,,FALSE,FALSE,,FALSE,FALSE,FALSE,,,,,,
,,,,,,,,,,,,,,,,,,,,,,,,,FALSE,FALSE,,FALSE,FALSE,FALSE,,,,,,
,,,,,,,,,,,,,,,,,,,,,,,,,FALSE,FALSE,,FALSE,FALSE,FALSE,,,,,,
,,,,,,,,,,,,,,,,,,,,,,,,,FALSE,FALSE,,FALSE,FALSE,FALSE,,,,,,
,,,,,,,,,,,,,,,,,,,,,,,,,FALSE,FALSE,,FALSE,FALSE,FALSE,,,,,,
,,,,,,,,,,,,,,,,,,,,,,,,,FALSE,FALSE,,FALSE,FALSE,FALSE,,,,,,
,,,,,,,,,,,,,,,,,,,,,,,,,FALSE,FALSE,,FALSE,FALSE,FALSE,,,,,,
,,,,,,,,,,,,,,,,,,,,,,,,,FALSE,FALSE,,FALSE,FALSE,FALSE,,,,,,
,,,,,,,,,,,,,,,,,,,,,,,,,FALSE,FALSE,,FALSE,FALSE,FALSE,,,,,,
,,,,,,,,,,,,,,,,,,,,,,,,,FALSE,FALSE,,FALSE,FALSE,FALSE,,,,,,
,,,,,,,,,,,,,,,,,,,,,,,,,FALSE,FALSE,,FALSE,FALSE,FALSE,,,,,,
,,,,,,,,,,,,,,,,,,,,,,,,,FALSE,FALSE,,FALSE,FALSE,FALSE,,,,,,
,,,,,,,,,,,,,,,,,,,,,,,,,FALSE,FALSE,,FALSE,FALSE,FALSE,,,,,,
,,,,,,,,,,,,,,,,,,,,,,,,,FALSE,FALSE,,FALSE,FALSE,FALSE,,,,,,
,,,,,,,,,,,,,,,,,,,,,,,,,FALSE,FALSE,,FALSE,FALSE,FALSE,,,,,,
,,,,,,,,,,,,,,,,,,,,,,,,,FALSE,FALSE,,FALSE,FALSE,FALSE,,,,,,
,,,,,,,,,,,,,,,,,,,,,,,,,FALSE,FALSE,,FALSE,FALSE,FALSE,,,,,,
,,,,,,,,,,,,,,,,,,,,,,,,,FALSE,FALSE,,FALSE,FALSE,FALSE,,,,,,
,,,,,,,,,,,,,,,,,,,,,,,,,FALSE,FALSE,,FALSE,FALSE,FALSE,,,,,,
,,,,,,,,,,,,,,,,,,,,,,,,,FALSE,FALSE,,FALSE,FALSE,FALSE,,,,,,
,,,,,,,,,,,,,,,,,,,,,,,,,FALSE,FALSE,,FALSE,FALSE,FALSE,,,,,,
,,,,,,,,,,,,,,,,,,,,,,,,,FALSE,FALSE,,FALSE,FALSE,FALSE,,,,,,
,,,,,,,,,,,,,,,,,,,,,,,,,FALSE,FALSE,,FALSE,FALSE,FALSE,,,,,,
,,,,,,,,,,,,,,,,,,,,,,,,,FALSE,FALSE,,FALSE,FALSE,FALSE,,,,,,
,,,,,,,,,,,,,,,,,,,,,,,,,FALSE,FALSE,,FALSE,FALSE,FALSE,,,,,,
,,,,,,,,,,,,,,,,,,,,,,,,,FALSE,FALSE,,FALSE,FALSE,FALSE,,,,,,
,,,,,,,,,,,,,,,,,,,,,,,,,FALSE,FALSE,,FALSE,FALSE,FALSE,,,,,,
,,,,,,,,,,,,,,,,,,,,,,,,,FALSE,FALSE,,FALSE,FALSE,FALSE,,,,,,
,,,,,,,,,,,,,,,,,,,,,,,,,FALSE,FALSE,,FALSE,FALSE,FALSE,,,,,,
,,,,,,,,,,,,,,,,,,,,,,,,,FALSE,FALSE,,FALSE,FALSE,FALSE,,,,,,
,,,,,,,,,,,,,,,,,,,,,,,,,FALSE,FALSE,,FALSE,FALSE,FALSE,,,,,,
,,,,,,,,,,,,,,,,,,,,,,,,,FALSE,FALSE,,FALSE,FALSE,FALSE,,,,,,
,,,,,,,,,,,,,,,,,,,,,,,,,FALSE,FALSE,,FALSE,FALSE,FALSE,,,,,,
,,,,,,,,,,,,,,,,,,,,,,,,,FALSE,FALSE,,FALSE,FALSE,FALSE,,,,,,
,,,,,,,,,,,,,,,,,,,,,,,,,FALSE,FALSE,,FALSE,FALSE,FALSE,,,,,,
,,,,,,,,,,,,,,,,,,,,,,,,,FALSE,FALSE,,FALSE,FALSE,FALSE,,,,,,
,,,,,,,,,,,,,,,,,,,,,,,,,FALSE,FALSE,,FALSE,FALSE,FALSE,,,,,,
,,,,,,,,,,,,,,,,,,,,,,,,,FALSE,FALSE,,FALSE,FALSE,FALSE,,,,,,
,,,,,,,,,,,,,,,,,,,,,,,,,FALSE,FALSE,,FALSE,FALSE,FALSE,,,,,,
,,,,,,,,,,,,,,,,,,,,,,,,,FALSE,FALSE,,FALSE,FALSE,FALSE,,,,,,
,,,,,,,,,,,,,,,,,,,,,,,,,FALSE,FALSE,,FALSE,FALSE,FALSE,,,,,,
,,,,,,,,,,,,,,,,,,,,,,,,,FALSE,FALSE,,FALSE,FALSE,FALSE,,,,,,
,,,,,,,,,,,,,,,,,,,,,,,,,FALSE,FALSE,,FALSE,FALSE,FALSE,,,,,,
,,,,,,,,,,,,,,,,,,,,,,,,,FALSE,FALSE,,FALSE,FALSE,FALSE,,,,,,
,,,,,,,,,,,,,,,,,,,,,,,,,FALSE,FALSE,,FALSE,FALSE,FALSE,,,,,,
,,,,,,,,,,,,,,,,,,,,,,,,,FALSE,FALSE,,FALSE,FALSE,FALSE,,,,,,
,,,,,,,,,,,,,,,,,,,,,,,,,FALSE,FALSE,,FALSE,FALSE,FALSE,,,,,,
,,,,,,,,,,,,,,,,,,,,,,,,,FALSE,FALSE,,FALSE,FALSE,FALSE,,,,,,
,,,,,,,,,,,,,,,,,,,,,,,,,FALSE,FALSE,,FALSE,FALSE,FALSE,,,,,,
,,,,,,,,,,,,,,,,,,,,,,,,,FALSE,FALSE,,FALSE,FALSE,FALSE,,,,,,
,,,,,,,,,,,,,,,,,,,,,,,,,FALSE,FALSE,,FALSE,FALSE,FALSE,,,,,,
,,,,,,,,,,,,,,,,,,,,,,,,,FALSE,FALSE,,FALSE,FALSE,FALSE,,,,,,
,,,,,,,,,,,,,,,,,,,,,,,,,FALSE,FALSE,,FALSE,FALSE,FALSE,,,,,,
,,,,,,,,,,,,,,,,,,,,,,,,,FALSE,FALSE,,FALSE,FALSE,FALSE,,,,,,
,,,,,,,,,,,,,,,,,,,,,,,,,FALSE,FALSE,,FALSE,FALSE,FALSE,,,,,,
,,,,,,,,,,,,,,,,,,,,,,,,,FALSE,FALSE,,FALSE,FALSE,FALSE,,,,,,
,,,,,,,,,,,,,,,,,,,,,,,,,FALSE,FALSE,,FALSE,FALSE,FALSE,,,,,,
,,,,,,,,,,,,,,,,,,,,,,,,,FALSE,FALSE,,FALSE,FALSE,FALSE,,,,,,
,,,,,,,,,,,,,,,,,,,,,,,,,FALSE,FALSE,,FALSE,FALSE,FALSE,,,,,,
,,,,,,,,,,,,,,,,,,,,,,,,,FALSE,FALSE,,FALSE,FALSE,FALSE,,,,,,
,,,,,,,,,,,,,,,,,,,,,,,,,FALSE,FALSE,,FALSE,FALSE,FALSE,,,,,,
,,,,,,,,,,,,,,,,,,,,,,,,,FALSE,FALSE,,FALSE,FALSE,FALSE,,,,,,
,,,,,,,,,,,,,,,,,,,,,,,,,FALSE,FALSE,,FALSE,FALSE,FALSE,,,,,,
,,,,,,,,,,,,,,,,,,,,,,,,,FALSE,FALSE,,FALSE,FALSE,FALSE,,,,,,
,,,,,,,,,,,,,,,,,,,,,,,,,FALSE,FALSE,,FALSE,FALSE,FALSE,,,,,,
,,,,,,,,,,,,,,,,,,,,,,,,,FALSE,FALSE,,FALSE,FALSE,FALSE,,,,,,
,,,,,,,,,,,,,,,,,,,,,,,,,FALSE,FALSE,,FALSE,FALSE,FALSE,,,,,,
,,,,,,,,,,,,,,,,,,,,,,,,,FALSE,FALSE,,FALSE,FALSE,FALSE,,,,,,
,,,,,,,,,,,,,,,,,,,,,,,,,FALSE,FALSE,,FALSE,FALSE,FALSE,,,,,,
,,,,,,,,,,,,,,,,,,,,,,,,,FALSE,FALSE,,FALSE,FALSE,FALSE,,,,,,
,,,,,,,,,,,,,,,,,,,,,,,,,FALSE,FALSE,,FALSE,FALSE,FALSE,,,,,,
,,,,,,,,,,,,,,,,,,,,,,,,,FALSE,FALSE,,FALSE,FALSE,FALSE,,,,,,
,,,,,,,,,,,,,,,,,,,,,,,,,FALSE,FALSE,,FALSE,FALSE,FALSE,,,,,,
,,,,,,,,,,,,,,,,,,,,,,,,,FALSE,FALSE,,FALSE,FALSE,FALSE,,,,,,
,,,,,,,,,,,,,,,,,,,,,,,,,FALSE,FALSE,,FALSE,FALSE,FALSE,,,,,,
,,,,,,,,,,,,,,,,,,,,,,,,,FALSE,FALSE,,FALSE,FALSE,FALSE,,,,,,
,,,,,,,,,,,,,,,,,,,,,,,,,FALSE,FALSE,,FALSE,FALSE,FALSE,,,,,,
,,,,,,,,,,,,,,,,,,,,,,,,,FALSE,FALSE,,FALSE,FALSE,FALSE,,,,,,
,,,,,,,,,,,,,,,,,,,,,,,,,FALSE,FALSE,,FALSE,FALSE,FALSE,,,,,,
,,,,,,,,,,,,,,,,,,,,,,,,,FALSE,FALSE,,FALSE,FALSE,FALSE,,,,,,
,,,,,,,,,,,,,,,,,,,,,,,,,FALSE,FALSE,,FALSE,FALSE,FALSE,,,,,,
,,,,,,,,,,,,,,,,,,,,,,,,,FALSE,FALSE,,FALSE,FALSE,FALSE,,,,,,
,,,,,,,,,,,,,,,,,,,,,,,,,FALSE,FALSE,,FALSE,FALSE,FALSE,,,,,,
,,,,,,,,,,,,,,,,,,,,,,,,,FALSE,FALSE,,FALSE,FALSE,FALSE,,,,,,
,,,,,,,,,,,,,,,,,,,,,,,,,FALSE,FALSE,,FALSE,FALSE,FALSE,,,,,,
,,,,,,,,,,,,,,,,,,,,,,,,,FALSE,FALSE,,FALSE,FALSE,FALSE,,,,,,
,,,,,,,,,,,,,,,,,,,,,,,,,FALSE,FALSE,,FALSE,FALSE,FALSE,,,,,,
,,,,,,,,,,,,,,,,,,,,,,,,,FALSE,FALSE,,FALSE,FALSE,FALSE,,,,,,
,,,,,,,,,,,,,,,,,,,,,,,,,FALSE,FALSE,,FALSE,FALSE,FALSE,,,,,,
,,,,,,,,,,,,,,,,,,,,,,,,,FALSE,FALSE,,FALSE,FALSE,FALSE,,,,,,
,,,,,,,,,,,,,,,,,,,,,,,,,FALSE,FALSE,,FALSE,FALSE,FALSE,,,,,,
,,,,,,,,,,,,,,,,,,,,,,,,,FALSE,FALSE,,FALSE,FALSE,FALSE,,,,,,
,,,,,,,,,,,,,,,,,,,,,,,,,FALSE,FALSE,,FALSE,FALSE,FALSE,,,,,,
,,,,,,,,,,,,,,,,,,,,,,,,,FALSE,FALSE,,FALSE,FALSE,FALSE,,,,,,
,,,,,,,,,,,,,,,,,,,,,,,,,FALSE,FALSE,,FALSE,FALSE,FALSE,,,,,,
,,,,,,,,,,,,,,,,,,,,,,,,,FALSE,FALSE,,FALSE,FALSE,FALSE,,,,,,
,,,,,,,,,,,,,,,,,,,,,,,,,FALSE,FALSE,,FALSE,FALSE,FALSE,,,,,,
,,,,,,,,,,,,,,,,,,,,,,,,,FALSE,FALSE,,FALSE,FALSE,FALSE,,,,,,
,,,,,,,,,,,,,,,,,,,,,,,,,FALSE,FALSE,,FALSE,FALSE,FALSE,,,,,,
,,,,,,,,,,,,,,,,,,,,,,,,,FALSE,FALSE,,FALSE,FALSE,FALSE,,,,,,
,,,,,,,,,,,,,,,,,,,,,,,,,FALSE,FALSE,,FALSE,FALSE,FALSE,,,,,,
,,,,,,,,,,,,,,,,,,,,,,,,,FALSE,FALSE,,FALSE,FALSE,FALSE,,,,,,
,,,,,,,,,,,,,,,,,,,,,,,,,FALSE,FALSE,,FALSE,FALSE,FALSE,,,,,,
,,,,,,,,,,,,,,,,,,,,,,,,,FALSE,FALSE,,FALSE,FALSE,FALSE,,,,,,
,,,,,,,,,,,,,,,,,,,,,,,,,FALSE,FALSE,,FALSE,FALSE,FALSE,,,,,,
,,,,,,,,,,,,,,,,,,,,,,,,,FALSE,FALSE,,FALSE,FALSE,FALSE,,,,,,
,,,,,,,,,,,,,,,,,,,,,,,,,FALSE,FALSE,,FALSE,FALSE,FALSE,,,,,,
,,,,,,,,,,,,,,,,,,,,,,,,,FALSE,FALSE,,FALSE,FALSE,FALSE,,,,,,
,,,,,,,,,,,,,,,,,,,,,,,,,FALSE,FALSE,,FALSE,FALSE,FALSE,,,,,,
,,,,,,,,,,,,,,,,,,,,,,,,,FALSE,FALSE,,FALSE,FALSE,FALSE,,,,,,
,,,,,,,,,,,,,,,,,,,,,,,,,FALSE,FALSE,,FALSE,FALSE,FALSE,,,,,,
,,,,,,,,,,,,,,,,,,,,,,,,,FALSE,FALSE,,FALSE,FALSE,FALSE,,,,,,
,,,,,,,,,,,,,,,,,,,,,,,,,FALSE,FALSE,,FALSE,FALSE,FALSE,,,,,,
,,,,,,,,,,,,,,,,,,,,,,,,,FALSE,FALSE,,FALSE,FALSE,FALSE,,,,,,
,,,,,,,,,,,,,,,,,,,,,,,,,FALSE,FALSE,,FALSE,FALSE,FALSE,,,,,,
,,,,,,,,,,,,,,,,,,,,,,,,,FALSE,FALSE,,FALSE,FALSE,FALSE,,,,,,
,,,,,,,,,,,,,,,,,,,,,,,,,FALSE,FALSE,,FALSE,FALSE,FALSE,,,,,,
,,,,,,,,,,,,,,,,,,,,,,,,,FALSE,FALSE,,FALSE,FALSE,FALSE,,,,,,
,,,,,,,,,,,,,,,,,,,,,,,,,FALSE,FALSE,,FALSE,FALSE,FALSE,,,,,,
,,,,,,,,,,,,,,,,,,,,,,,,,FALSE,FALSE,,FALSE,FALSE,FALSE,,,,,,
,,,,,,,,,,,,,,,,,,,,,,,,,FALSE,FALSE,,FALSE,FALSE,FALSE,,,,,,
,,,,,,,,,,,,,,,,,,,,,,,,,FALSE,FALSE,,FALSE,FALSE,FALSE,,,,,,
,,,,,,,,,,,,,,,,,,,,,,,,,FALSE,FALSE,,FALSE,FALSE,FALSE,,,,,,
,,,,,,,,,,,,,,,,,,,,,,,,,FALSE,FALSE,,FALSE,FALSE,FALSE,,,,,,
,,,,,,,,,,,,,,,,,,,,,,,,,FALSE,FALSE,,FALSE,FALSE,FALSE,,,,,,
,,,,,,,,,,,,,,,,,,,,,,,,,FALSE,FALSE,,FALSE,FALSE,FALSE,,,,,,
,,,,,,,,,,,,,,,,,,,,,,,,,FALSE,FALSE,,FALSE,FALSE,FALSE,,,,,,
,,,,,,,,,,,,,,,,,,,,,,,,,FALSE,FALSE,,FALSE,FALSE,FALSE,,,,,,
,,,,,,,,,,,,,,,,,,,,,,,,,FALSE,FALSE,,FALSE,FALSE,FALSE,,,,,,
,,,,,,,,,,,,,,,,,,,,,,,,,FALSE,FALSE,,FALSE,FALSE,FALSE,,,,,,
,,,,,,,,,,,,,,,,,,,,,,,,,FALSE,FALSE,,FALSE,FALSE,FALSE,,,,,,
,,,,,,,,,,,,,,,,,,,,,,,,,FALSE,FALSE,,FALSE,FALSE,FALSE,,,,,,
,,,,,,,,,,,,,,,,,,,,,,,,,FALSE,FALSE,,FALSE,FALSE,FALSE,,,,,,
,,,,,,,,,,,,,,,,,,,,,,,,,FALSE,FALSE,,FALSE,FALSE,FALSE,,,,,,
,,,,,,,,,,,,,,,,,,,,,,,,,FALSE,FALSE,,FALSE,FALSE,FALSE,,,,,,
,,,,,,,,,,,,,,,,,,,,,,,,,FALSE,FALSE,,FALSE,FALSE,FALSE,,,,,,
,,,,,,,,,,,,,,,,,,,,,,,,,FALSE,FALSE,,FALSE,FALSE,FALSE,,,,,,
,,,,,,,,,,,,,,,,,,,,,,,,,FALSE,FALSE,,FALSE,FALSE,FALSE,,,,,,
,,,,,,,,,,,,,,,,,,,,,,,,,FALSE,FALSE,,FALSE,FALSE,FALSE,,,,,,
,,,,,,,,,,,,,,,,,,,,,,,,,FALSE,FALSE,,FALSE,FALSE,FALSE,,,,,,
,,,,,,,,,,,,,,,,,,,,,,,,,FALSE,FALSE,,FALSE,FALSE,FALSE,,,,,,
,,,,,,,,,,,,,,,,,,,,,,,,,FALSE,FALSE,,FALSE,FALSE,FALSE,,,,,,
,,,,,,,,,,,,,,,,,,,,,,,,,FALSE,FALSE,,FALSE,FALSE,FALSE,,,,,,
,,,,,,,,,,,,,,,,,,,,,,,,,FALSE,FALSE,,FALSE,FALSE,FALSE,,,,,,
,,,,,,,,,,,,,,,,,,,,,,,,,FALSE,FALSE,,FALSE,FALSE,FALSE,,,,,,
,,,,,,,,,,,,,,,,,,,,,,,,,FALSE,FALSE,,FALSE,FALSE,FALSE,,,,,,
,,,,,,,,,,,,,,,,,,,,,,,,,FALSE,FALSE,,FALSE,FALSE,FALSE,,,,,,
,,,,,,,,,,,,,,,,,,,,,,,,,FALSE,FALSE,,FALSE,FALSE,FALSE,,,,,,
,,,,,,,,,,,,,,,,,,,,,,,,,FALSE,FALSE,,FALSE,FALSE,FALSE,,,,,,
,,,,,,,,,,,,,,,,,,,,,,,,,FALSE,FALSE,,FALSE,FALSE,FALSE,,,,,,
,,,,,,,,,,,,,,,,,,,,,,,,,FALSE,FALSE,,FALSE,FALSE,FALSE,,,,,,
,,,,,,,,,,,,,,,,,,,,,,,,,FALSE,FALSE,,FALSE,FALSE,FALSE,,,,,,
,,,,,,,,,,,,,,,,,,,,,,,,,FALSE,FALSE,,FALSE,FALSE,FALSE,,,,,,
,,,,,,,,,,,,,,,,,,,,,,,,,FALSE,FALSE,,FALSE,FALSE,FALSE,,,,,,
,,,,,,,,,,,,,,,,,,,,,,,,,FALSE,FALSE,,FALSE,FALSE,FALSE,,,,,,
,,,,,,,,,,,,,,,,,,,,,,,,,FALSE,FALSE,,FALSE,FALSE,FALSE,,,,,,
,,,,,,,,,,,,,,,,,,,,,,,,,FALSE,FALSE,,FALSE,FALSE,FALSE,,,,,,
,,,,,,,,,,,,,,,,,,,,,,,,,FALSE,FALSE,,FALSE,FALSE,FALSE,,,,,,
,,,,,,,,,,,,,,,,,,,,,,,,,FALSE,FALSE,,FALSE,FALSE,FALSE,,,,,,
,,,,,,,,,,,,,,,,,,,,,,,,,FALSE,FALSE,,FALSE,FALSE,FALSE,,,,,,
,,,,,,,,,,,,,,,,,,,,,,,,,FALSE,FALSE,,FALSE,FALSE,FALSE,,,,,,
,,,,,,,,,,,,,,,,,,,,,,,,,FALSE,FALSE,,FALSE,FALSE,FALSE,,,,,,
,,,,,,,,,,,,,,,,,,,,,,,,,FALSE,FALSE,,FALSE,FALSE,FALSE,,,,,,
,,,,,,,,,,,,,,,,,,,,,,,,,FALSE,FALSE,,FALSE,FALSE,FALSE,,,,,,
,,,,,,,,,,,,,,,,,,,,,,,,,FALSE,FALSE,,FALSE,FALSE,FALSE,,,,,,
,,,,,,,,,,,,,,,,,,,,,,,,,FALSE,FALSE,,FALSE,FALSE,FALSE,,,,,,
,,,,,,,,,,,,,,,,,,,,,,,,,FALSE,FALSE,,FALSE,FALSE,FALSE,,,,,,
,,,,,,,,,,,,,,,,,,,,,,,,,FALSE,FALSE,,FALSE,FALSE,FALSE,,,,,,
,,,,,,,,,,,,,,,,,,,,,,,,,FALSE,FALSE,,FALSE,FALSE,FALSE,,,,,,
,,,,,,,,,,,,,,,,,,,,,,,,,FALSE,FALSE,,FALSE,FALSE,FALSE,,,,,,
,,,,,,,,,,,,,,,,,,,,,,,,,FALSE,FALSE,,FALSE,FALSE,FALSE,,,,,,
,,,,,,,,,,,,,,,,,,,,,,,,,FALSE,FALSE,,FALSE,FALSE,FALSE,,,,,,
,,,,,,,,,,,,,,,,,,,,,,,,,FALSE,FALSE,,FALSE,FALSE,FALSE,,,,,,
,,,,,,,,,,,,,,,,,,,,,,,,,FALSE,FALSE,,FALSE,FALSE,FALSE,,,,,,
,,,,,,,,,,,,,,,,,,,,,,,,,FALSE,FALSE,,FALSE,FALSE,FALSE,,,,,,
,,,,,,,,,,,,,,,,,,,,,,,,,FALSE,FALSE,,FALSE,FALSE,FALSE,,,,,,
,,,,,,,,,,,,,,,,,,,,,,,,,FALSE,FALSE,,FALSE,FALSE,FALSE,,,,,,
,,,,,,,,,,,,,,,,,,,,,,,,,FALSE,FALSE,,FALSE,FALSE,FALSE,,,,,,
,,,,,,,,,,,,,,,,,,,,,,,,,FALSE,FALSE,,FALSE,FALSE,FALSE,,,,,,
,,,,,,,,,,,,,,,,,,,,,,,,,FALSE,FALSE,,FALSE,FALSE,FALSE,,,,,,
,,,,,,,,,,,,,,,,,,,,,,,,,FALSE,FALSE,,FALSE,FALSE,FALSE,,,,,,
,,,,,,,,,,,,,,,,,,,,,,,,,FALSE,FALSE,,FALSE,FALSE,FALSE,,,,,,
,,,,,,,,,,,,,,,,,,,,,,,,,FALSE,FALSE,,FALSE,FALSE,FALSE,,,,,,
,,,,,,,,,,,,,,,,,,,,,,,,,FALSE,FALSE,,FALSE,FALSE,FALSE,,,,,,
,,,,,,,,,,,,,,,,,,,,,,,,,FALSE,FALSE,,FALSE,FALSE,FALSE,,,,,,
,,,,,,,,,,,,,,,,,,,,,,,,,FALSE,FALSE,,FALSE,FALSE,FALSE,,,,,,
,,,,,,,,,,,,,,,,,,,,,,,,,FALSE,FALSE,,FALSE,FALSE,FALSE,,,,,,
,,,,,,,,,,,,,,,,,,,,,,,,,FALSE,FALSE,,FALSE,FALSE,FALSE,,,,,,
,,,,,,,,,,,,,,,,,,,,,,,,,FALSE,FALSE,,FALSE,FALSE,FALSE,,,,,,
,,,,,,,,,,,,,,,,,,,,,,,,,FALSE,FALSE,,FALSE,FALSE,FALSE,,,,,,
,,,,,,,,,,,,,,,,,,,,,,,,,FALSE,FALSE,,FALSE,FALSE,FALSE,,,,,,
,,,,,,,,,,,,,,,,,,,,,,,,,FALSE,FALSE,,FALSE,FALSE,FALSE,,,,,,
,,,,,,,,,,,,,,,,,,,,,,,,,FALSE,FALSE,,FALSE,FALSE,FALSE,,,,,,
,,,,,,,,,,,,,,,,,,,,,,,,,FALSE,FALSE,,FALSE,FALSE,FALSE,,,,,,
,,,,,,,,,,,,,,,,,,,,,,,,,FALSE,FALSE,,FALSE,FALSE,FALSE,,,,,,
,,,,,,,,,,,,,,,,,,,,,,,,,FALSE,FALSE,,FALSE,FALSE,FALSE,,,,,,
,,,,,,,,,,,,,,,,,,,,,,,,,FALSE,FALSE,,FALSE,FALSE,FALSE,,,,,,
,,,,,,,,,,,,,,,,,,,,,,,,,FALSE,FALSE,,FALSE,FALSE,FALSE,,,,,,
,,,,,,,,,,,,,,,,,,,,,,,,,FALSE,FALSE,,FALSE,FALSE,FALSE,,,,,,
,,,,,,,,,,,,,,,,,,,,,,,,,FALSE,FALSE,,FALSE,FALSE,FALSE,,,,,,
,,,,,,,,,,,,,,,,,,,,,,,,,FALSE,FALSE,,FALSE,FALSE,FALSE,,,,,,
,,,,,,,,,,,,,,,,,,,,,,,,,FALSE,FALSE,,FALSE,FALSE,FALSE,,,,,,
,,,,,,,,,,,,,,,,,,,,,,,,,FALSE,FALSE,,FALSE,FALSE,FALSE,,,,,,
,,,,,,,,,,,,,,,,,,,,,,,,,FALSE,FALSE,,FALSE,FALSE,FALSE,,,,,,
,,,,,,,,,,,,,,,,,,,,,,,,,FALSE,FALSE,,FALSE,FALSE,FALSE,,,,,,
,,,,,,,,,,,,,,,,,,,,,,,,,FALSE,FALSE,,FALSE,FALSE,FALSE,,,,,,
,,,,,,,,,,,,,,,,,,,,,,,,,FALSE,FALSE,,FALSE,FALSE,FALSE,,,,,,
,,,,,,,,,,,,,,,,,,,,,,,,,FALSE,FALSE,,FALSE,FALSE,FALSE,,,,,,
,,,,,,,,,,,,,,,,,,,,,,,,,FALSE,FALSE,,FALSE,FALSE,FALSE,,,,,,
,,,,,,,,,,,,,,,,,,,,,,,,,FALSE,FALSE,,FALSE,FALSE,FALSE,,,,,,
,,,,,,,,,,,,,,,,,,,,,,,,,FALSE,FALSE,,FALSE,FALSE,FALSE,,,,,,
,,,,,,,,,,,,,,,,,,,,,,,,,FALSE,FALSE,,FALSE,FALSE,FALSE,,,,,,
,,,,,,,,,,,,,,,,,,,,,,,,,FALSE,FALSE,,FALSE,FALSE,FALSE,,,,,,
,,,,,,,,,,,,,,,,,,,,,,,,,FALSE,FALSE,,FALSE,FALSE,FALSE,,,,,,
,,,,,,,,,,,,,,,,,,,,,,,,,FALSE,FALSE,,FALSE,FALSE,FALSE,,,,,,
,,,,,,,,,,,,,,,,,,,,,,,,,FALSE,FALSE,,FALSE,FALSE,FALSE,,,,,,
,,,,,,,,,,,,,,,,,,,,,,,,,FALSE,FALSE,,FALSE,FALSE,FALSE,,,,,,
,,,,,,,,,,,,,,,,,,,,,,,,,FALSE,FALSE,,FALSE,FALSE,FALSE,,,,,,
,,,,,,,,,,,,,,,,,,,,,,,,,FALSE,FALSE,,FALSE,FALSE,FALSE,,,,,,
,,,,,,,,,,,,,,,,,,,,,,,,,FALSE,FALSE,,FALSE,FALSE,FALSE,,,,,,
,,,,,,,,,,,,,,,,,,,,,,,,,FALSE,FALSE,,FALSE,FALSE,FALSE,,,,,,
,,,,,,,,,,,,,,,,,,,,,,,,,FALSE,FALSE,,FALSE,FALSE,FALSE,,,,,,
,,,,,,,,,,,,,,,,,,,,,,,,,FALSE,FALSE,,FALSE,FALSE,FALSE,,,,,,
,,,,,,,,,,,,,,,,,,,,,,,,,FALSE,FALSE,,FALSE,FALSE,FALSE,,,,,,
,,,,,,,,,,,,,,,,,,,,,,,,,FALSE,FALSE,,FALSE,FALSE,FALSE,,,,,,
,,,,,,,,,,,,,,,,,,,,,,,,,FALSE,FALSE,,FALSE,FALSE,FALSE,,,,,,
,,,,,,,,,,,,,,,,,,,,,,,,,FALSE,FALSE,,FALSE,FALSE,FALSE,,,,,,
,,,,,,,,,,,,,,,,,,,,,,,,,FALSE,FALSE,,FALSE,FALSE,FALSE,,,,,,
,,,,,,,,,,,,,,,,,,,,,,,,,FALSE,FALSE,,FALSE,FALSE,FALSE,,,,,,
,,,,,,,,,,,,,,,,,,,,,,,,,FALSE,FALSE,,FALSE,FALSE,FALSE,,,,,,
,,,,,,,,,,,,,,,,,,,,,,,,,FALSE,FALSE,,FALSE,FALSE,FALSE,,,,,,
,,,,,,,,,,,,,,,,,,,,,,,,,FALSE,FALSE,,FALSE,FALSE,FALSE,,,,,,
,,,,,,,,,,,,,,,,,,,,,,,,,FALSE,FALSE,,FALSE,FALSE,FALSE,,,,,,
,,,,,,,,,,,,,,,,,,,,,,,,,FALSE,FALSE,,FALSE,FALSE,FALSE,,,,,,
,,,,,,,,,,,,,,,,,,,,,,,,,FALSE,FALSE,,FALSE,FALSE,FALSE,,,,,,
,,,,,,,,,,,,,,,,,,,,,,,,,FALSE,FALSE,,FALSE,FALSE,FALSE,,,,,,
,,,,,,,,,,,,,,,,,,,,,,,,,FALSE,FALSE,,FALSE,FALSE,FALSE,,,,,,
,,,,,,,,,,,,,,,,,,,,,,,,,FALSE,FALSE,,FALSE,FALSE,FALSE,,,,,,
,,,,,,,,,,,,,,,,,,,,,,,,,FALSE,FALSE,,FALSE,FALSE,FALSE,,,,,,
,,,,,,,,,,,,,,,,,,,,,,,,,FALSE,FALSE,,FALSE,FALSE,FALSE,,,,,,
,,,,,,,,,,,,,,,,,,,,,,,,,FALSE,FALSE,,FALSE,FALSE,FALSE,,,,,,
,,,,,,,,,,,,,,,,,,,,,,,,,FALSE,FALSE,,FALSE,FALSE,FALSE,,,,,,
,,,,,,,,,,,,,,,,,,,,,,,,,FALSE,FALSE,,FALSE,FALSE,FALSE,,,,,,
,,,,,,,,,,,,,,,,,,,,,,,,,FALSE,FALSE,,FALSE,FALSE,FALSE,,,,,,
,,,,,,,,,,,,,,,,,,,,,,,,,FALSE,FALSE,,FALSE,FALSE,FALSE,,,,,,
,,,,,,,,,,,,,,,,,,,,,,,,,FALSE,FALSE,,FALSE,FALSE,FALSE,,,,,,
,,,,,,,,,,,,,,,,,,,,,,,,,FALSE,FALSE,,FALSE,FALSE,FALSE,,,,,,
,,,,,,,,,,,,,,,,,,,,,,,,,FALSE,FALSE,,FALSE,FALSE,FALSE,,,,,,
,,,,,,,,,,,,,,,,,,,,,,,,,FALSE,FALSE,,FALSE,FALSE,FALSE,,,,,,
,,,,,,,,,,,,,,,,,,,,,,,,,FALSE,FALSE,,FALSE,FALSE,FALSE,,,,,,
,,,,,,,,,,,,,,,,,,,,,,,,,FALSE,FALSE,,FALSE,FALSE,FALSE,,,,,,
,,,,,,,,,,,,,,,,,,,,,,,,,FALSE,FALSE,,FALSE,FALSE,FALSE,,,,,,
,,,,,,,,,,,,,,,,,,,,,,,,,FALSE,FALSE,,FALSE,FALSE,FALSE,,,,,,
,,,,,,,,,,,,,,,,,,,,,,,,,FALSE,FALSE,,FALSE,FALSE,FALSE,,,,,,
,,,,,,,,,,,,,,,,,,,,,,,,,FALSE,FALSE,,FALSE,FALSE,FALSE,,,,,,
,,,,,,,,,,,,,,,,,,,,,,,,,FALSE,FALSE,,FALSE,FALSE,FALSE,,,,,,
,,,,,,,,,,,,,,,,,,,,,,,,,FALSE,FALSE,,FALSE,FALSE,FALSE,,,,,,
,,,,,,,,,,,,,,,,,,,,,,,,,FALSE,FALSE,,FALSE,FALSE,FALSE,,,,,,
,,,,,,,,,,,,,,,,,,,,,,,,,FALSE,FALSE,,FALSE,FALSE,FALSE,,,,,,
,,,,,,,,,,,,,,,,,,,,,,,,,FALSE,FALSE,,FALSE,FALSE,FALSE,,,,,,
,,,,,,,,,,,,,,,,,,,,,,,,,FALSE,FALSE,,FALSE,FALSE,FALSE,,,,,,
,,,,,,,,,,,,,,,,,,,,,,,,,FALSE,FALSE,,FALSE,FALSE,FALSE,,,,,,
,,,,,,,,,,,,,,,,,,,,,,,,,FALSE,FALSE,,FALSE,FALSE,FALSE,,,,,,
,,,,,,,,,,,,,,,,,,,,,,,,,FALSE,FALSE,,FALSE,FALSE,FALSE,,,,,,
,,,,,,,,,,,,,,,,,,,,,,,,,FALSE,FALSE,,FALSE,FALSE,FALSE,,,,,,
,,,,,,,,,,,,,,,,,,,,,,,,,FALSE,FALSE,,FALSE,FALSE,FALSE,,,,,,
,,,,,,,,,,,,,,,,,,,,,,,,,FALSE,FALSE,,FALSE,FALSE,FALSE,,,,,,
,,,,,,,,,,,,,,,,,,,,,,,,,FALSE,FALSE,,FALSE,FALSE,FALSE,,,,,,
,,,,,,,,,,,,,,,,,,,,,,,,,FALSE,FALSE,,FALSE,FALSE,FALSE,,,,,,
,,,,,,,,,,,,,,,,,,,,,,,,,FALSE,FALSE,,FALSE,FALSE,FALSE,,,,,,
,,,,,,,,,,,,,,,,,,,,,,,,,FALSE,FALSE,,FALSE,FALSE,FALSE,,,,,,
,,,,,,,,,,,,,,,,,,,,,,,,,FALSE,FALSE,,FALSE,FALSE,FALSE,,,,,,
,,,,,,,,,,,,,,,,,,,,,,,,,FALSE,FALSE,,FALSE,FALSE,FALSE,,,,,,
,,,,,,,,,,,,,,,,,,,,,,,,,FALSE,FALSE,,FALSE,FALSE,FALSE,,,,,,
,,,,,,,,,,,,,,,,,,,,,,,,,FALSE,FALSE,,FALSE,FALSE,FALSE,,,,,,
,,,,,,,,,,,,,,,,,,,,,,,,,FALSE,FALSE,,FALSE,FALSE,FALSE,,,,,,
,,,,,,,,,,,,,,,,,,,,,,,,,FALSE,FALSE,,FALSE,FALSE,FALSE,,,,,,
,,,,,,,,,,,,,,,,,,,,,,,,,FALSE,FALSE,,FALSE,FALSE,FALSE,,,,,,
,,,,,,,,,,,,,,,,,,,,,,,,,FALSE,FALSE,,FALSE,FALSE,FALSE,,,,,,
,,,,,,,,,,,,,,,,,,,,,,,,,FALSE,FALSE,,FALSE,FALSE,FALSE,,,,,,
,,,,,,,,,,,,,,,,,,,,,,,,,FALSE,FALSE,,FALSE,FALSE,FALSE,,,,,,
,,,,,,,,,,,,,,,,,,,,,,,,,FALSE,FALSE,,FALSE,FALSE,FALSE,,,,,,
,,,,,,,,,,,,,,,,,,,,,,,,,FALSE,FALSE,,FALSE,FALSE,FALSE,,,,,,
,,,,,,,,,,,,,,,,,,,,,,,,,FALSE,FALSE,,FALSE,FALSE,FALSE,,,,,,
,,,,,,,,,,,,,,,,,,,,,,,,,FALSE,FALSE,,FALSE,FALSE,FALSE,,,,,,
,,,,,,,,,,,,,,,,,,,,,,,,,FALSE,FALSE,,FALSE,FALSE,FALSE,,,,,,
,,,,,,,,,,,,,,,,,,,,,,,,,FALSE,FALSE,,FALSE,FALSE,FALSE,,,,,,
,,,,,,,,,,,,,,,,,,,,,,,,,FALSE,FALSE,,FALSE,FALSE,FALSE,,,,,,
,,,,,,,,,,,,,,,,,,,,,,,,,FALSE,FALSE,,FALSE,FALSE,FALSE,,,,,,
,,,,,,,,,,,,,,,,,,,,,,,,,FALSE,FALSE,,FALSE,FALSE,FALSE,,,,,,
,,,,,,,,,,,,,,,,,,,,,,,,,FALSE,FALSE,,FALSE,FALSE,FALSE,,,,,,
,,,,,,,,,,,,,,,,,,,,,,,,,FALSE,FALSE,,FALSE,FALSE,FALSE,,,,,,
,,,,,,,,,,,,,,,,,,,,,,,,,FALSE,FALSE,,FALSE,FALSE,FALSE,,,,,,
,,,,,,,,,,,,,,,,,,,,,,,,,FALSE,FALSE,,FALSE,FALSE,FALSE,,,,,,
,,,,,,,,,,,,,,,,,,,,,,,,,FALSE,FALSE,,FALSE,FALSE,FALSE,,,,,,
,,,,,,,,,,,,,,,,,,,,,,,,,FALSE,FALSE,,FALSE,FALSE,FALSE,,,,,,
,,,,,,,,,,,,,,,,,,,,,,,,,FALSE,FALSE,,FALSE,FALSE,FALSE,,,,,,
,,,,,,,,,,,,,,,,,,,,,,,,,FALSE,FALSE,,FALSE,FALSE,FALSE,,,,,,
,,,,,,,,,,,,,,,,,,,,,,,,,FALSE,FALSE,,FALSE,FALSE,FALSE,,,,,,
,,,,,,,,,,,,,,,,,,,,,,,,,FALSE,FALSE,,FALSE,FALSE,FALSE,,,,,,
,,,,,,,,,,,,,,,,,,,,,,,,,FALSE,FALSE,,FALSE,FALSE,FALSE,,,,,,
,,,,,,,,,,,,,,,,,,,,,,,,,FALSE,FALSE,,FALSE,FALSE,FALSE,,,,,,
,,,,,,,,,,,,,,,,,,,,,,,,,FALSE,FALSE,,FALSE,FALSE,FALSE,,,,,,
,,,,,,,,,,,,,,,,,,,,,,,,,FALSE,FALSE,,FALSE,FALSE,FALSE,,,,,,
,,,,,,,,,,,,,,,,,,,,,,,,,FALSE,FALSE,,FALSE,FALSE,FALSE,,,,,,
,,,,,,,,,,,,,,,,,,,,,,,,,FALSE,FALSE,,FALSE,FALSE,FALSE,,,,,,
,,,,,,,,,,,,,,,,,,,,,,,,,FALSE,FALSE,,FALSE,FALSE,FALSE,,,,,,
,,,,,,,,,,,,,,,,,,,,,,,,,FALSE,FALSE,,FALSE,FALSE,FALSE,,,,,,
,,,,,,,,,,,,,,,,,,,,,,,,,FALSE,FALSE,,FALSE,FALSE,FALSE,,,,,,
,,,,,,,,,,,,,,,,,,,,,,,,,FALSE,FALSE,,FALSE,FALSE,FALSE,,,,,,
,,,,,,,,,,,,,,,,,,,,,,,,,FALSE,FALSE,,FALSE,FALSE,FALSE,,,,,,
,,,,,,,,,,,,,,,,,,,,,,,,,FALSE,FALSE,,FALSE,FALSE,FALSE,,,,,,
,,,,,,,,,,,,,,,,,,,,,,,,,FALSE,FALSE,,FALSE,FALSE,FALSE,,,,,,
,,,,,,,,,,,,,,,,,,,,,,,,,FALSE,FALSE,,FALSE,FALSE,FALSE,,,,,,
,,,,,,,,,,,,,,,,,,,,,,,,,FALSE,FALSE,,FALSE,FALSE,FALSE,,,,,,
,,,,,,,,,,,,,,,,,,,,,,,,,FALSE,FALSE,,FALSE,FALSE,FALSE,,,,,,
,,,,,,,,,,,,,,,,,,,,,,,,,FALSE,FALSE,,FALSE,FALSE,FALSE,,,,,,
,,,,,,,,,,,,,,,,,,,,,,,,,FALSE,FALSE,,FALSE,FALSE,FALSE,,,,,,
,,,,,,,,,,,,,,,,,,,,,,,,,FALSE,FALSE,,FALSE,FALSE,FALSE,,,,,,
,,,,,,,,,,,,,,,,,,,,,,,,,FALSE,FALSE,,FALSE,FALSE,FALSE,,,,,,
,,,,,,,,,,,,,,,,,,,,,,,,,FALSE,FALSE,,FALSE,FALSE,FALSE,,,,,,
,,,,,,,,,,,,,,,,,,,,,,,,,FALSE,FALSE,,FALSE,FALSE,FALSE,,,,,,
,,,,,,,,,,,,,,,,,,,,,,,,,FALSE,FALSE,,FALSE,FALSE,FALSE,,,,,,
,,,,,,,,,,,,,,,,,,,,,,,,,FALSE,FALSE,,FALSE,FALSE,FALSE,,,,,,
,,,,,,,,,,,,,,,,,,,,,,,,,FALSE,FALSE,,FALSE,FALSE,FALSE,,,,,,
,,,,,,,,,,,,,,,,,,,,,,,,,FALSE,FALSE,,FALSE,FALSE,FALSE,,,,,,
,,,,,,,,,,,,,,,,,,,,,,,,,FALSE,FALSE,,FALSE,FALSE,FALSE,,,,,,
,,,,,,,,,,,,,,,,,,,,,,,,,FALSE,FALSE,,FALSE,FALSE,FALSE,,,,,,
,,,,,,,,,,,,,,,,,,,,,,,,,FALSE,FALSE,,FALSE,FALSE,FALSE,,,,,,
,,,,,,,,,,,,,,,,,,,,,,,,,FALSE,FALSE,,FALSE,FALSE,FALSE,,,,,,
,,,,,,,,,,,,,,,,,,,,,,,,,FALSE,FALSE,,FALSE,FALSE,FALSE,,,,,,
,,,,,,,,,,,,,,,,,,,,,,,,,FALSE,FALSE,,FALSE,FALSE,FALSE,,,,,,
,,,,,,,,,,,,,,,,,,,,,,,,,FALSE,FALSE,,FALSE,FALSE,FALSE,,,,,,
,,,,,,,,,,,,,,,,,,,,,,,,,FALSE,FALSE,,FALSE,FALSE,FALSE,,,,,,
,,,,,,,,,,,,,,,,,,,,,,,,,FALSE,FALSE,,FALSE,FALSE,FALSE,,,,,,
,,,,,,,,,,,,,,,,,,,,,,,,,FALSE,FALSE,,FALSE,FALSE,FALSE,,,,,,
,,,,,,,,,,,,,,,,,,,,,,,,,FALSE,FALSE,,FALSE,FALSE,FALSE,,,,,,
,,,,,,,,,,,,,,,,,,,,,,,,,FALSE,FALSE,,FALSE,FALSE,FALSE,,,,,,
,,,,,,,,,,,,,,,,,,,,,,,,,FALSE,FALSE,,FALSE,FALSE,FALSE,,,,,,
,,,,,,,,,,,,,,,,,,,,,,,,,FALSE,FALSE,,FALSE,FALSE,FALSE,,,,,,
,,,,,,,,,,,,,,,,,,,,,,,,,FALSE,FALSE,,FALSE,FALSE,FALSE,,,,,,
,,,,,,,,,,,,,,,,,,,,,,,,,FALSE,FALSE,,FALSE,FALSE,FALSE,,,,,,
,,,,,,,,,,,,,,,,,,,,,,,,,FALSE,FALSE,,FALSE,FALSE,FALSE,,,,,,
,,,,,,,,,,,,,,,,,,,,,,,,,FALSE,FALSE,,FALSE,FALSE,FALSE,,,,,,
,,,,,,,,,,,,,,,,,,,,,,,,,FALSE,FALSE,,FALSE,FALSE,FALSE,,,,,,
,,,,,,,,,,,,,,,,,,,,,,,,,FALSE,FALSE,,FALSE,FALSE,FALSE,,,,,,
,,,,,,,,,,,,,,,,,,,,,,,,,FALSE,FALSE,,FALSE,FALSE,FALSE,,,,,,
,,,,,,,,,,,,,,,,,,,,,,,,,FALSE,FALSE,,FALSE,FALSE,FALSE,,,,,,
,,,,,,,,,,,,,,,,,,,,,,,,,FALSE,FALSE,,FALSE,FALSE,FALSE,,,,,,
,,,,,,,,,,,,,,,,,,,,,,,,,FALSE,FALSE,,FALSE,FALSE,FALSE,,,,,,
,,,,,,,,,,,,,,,,,,,,,,,,,FALSE,FALSE,,FALSE,FALSE,FALSE,,,,,,
,,,,,,,,,,,,,,,,,,,,,,,,,FALSE,FALSE,,FALSE,FALSE,FALSE,,,,,,
,,,,,,,,,,,,,,,,,,,,,,,,,FALSE,FALSE,,FALSE,FALSE,FALSE,,,,,,
,,,,,,,,,,,,,,,,,,,,,,,,,FALSE,FALSE,,FALSE,FALSE,FALSE,,,,,,
,,,,,,,,,,,,,,,,,,,,,,,,,FALSE,FALSE,,FALSE,FALSE,FALSE,,,,,,
,,,,,,,,,,,,,,,,,,,,,,,,,FALSE,FALSE,,FALSE,FALSE,FALSE,,,,,,
,,,,,,,,,,,,,,,,,,,,,,,,,FALSE,FALSE,,FALSE,FALSE,FALSE,,,,,,
,,,,,,,,,,,,,,,,,,,,,,,,,FALSE,FALSE,,FALSE,FALSE,FALSE,,,,,,
,,,,,,,,,,,,,,,,,,,,,,,,,FALSE,FALSE,,FALSE,FALSE,FALSE,,,,,,
,,,,,,,,,,,,,,,,,,,,,,,,,FALSE,FALSE,,FALSE,FALSE,FALSE,,,,,,
,,,,,,,,,,,,,,,,,,,,,,,,,FALSE,FALSE,,FALSE,FALSE,FALSE,,,,,,
,,,,,,,,,,,,,,,,,,,,,,,,,FALSE,FALSE,,FALSE,FALSE,FALSE,,,,,,
,,,,,,,,,,,,,,,,,,,,,,,,,FALSE,FALSE,,FALSE,FALSE,FALSE,,,,,,
,,,,,,,,,,,,,,,,,,,,,,,,,FALSE,FALSE,,FALSE,FALSE,FALSE,,,,,,
,,,,,,,,,,,,,,,,,,,,,,,,,FALSE,FALSE,,FALSE,FALSE,FALSE,,,,,,
,,,,,,,,,,,,,,,,,,,,,,,,,FALSE,FALSE,,FALSE,FALSE,FALSE,,,,,,
,,,,,,,,,,,,,,,,,,,,,,,,,FALSE,FALSE,,FALSE,FALSE,FALSE,,,,,,
,,,,,,,,,,,,,,,,,,,,,,,,,FALSE,FALSE,,FALSE,FALSE,FALSE,,,,,,
,,,,,,,,,,,,,,,,,,,,,,,,,FALSE,FALSE,,FALSE,FALSE,FALSE,,,,,,
,,,,,,,,,,,,,,,,,,,,,,,,,FALSE,FALSE,,FALSE,FALSE,FALSE,,,,,,
,,,,,,,,,,,,,,,,,,,,,,,,,FALSE,FALSE,,FALSE,FALSE,FALSE,,,,,,
,,,,,,,,,,,,,,,,,,,,,,,,,FALSE,FALSE,,FALSE,FALSE,FALSE,,,,,,
,,,,,,,,,,,,,,,,,,,,,,,,,FALSE,FALSE,,FALSE,FALSE,FALSE,,,,,,
,,,,,,,,,,,,,,,,,,,,,,,,,FALSE,FALSE,,FALSE,FALSE,FALSE,,,,,,
,,,,,,,,,,,,,,,,,,,,,,,,,FALSE,FALSE,,FALSE,FALSE,FALSE,,,,,,
,,,,,,,,,,,,,,,,,,,,,,,,,FALSE,FALSE,,FALSE,FALSE,FALSE,,,,,,
,,,,,,,,,,,,,,,,,,,,,,,,,FALSE,FALSE,,FALSE,FALSE,FALSE,,,,,,
,,,,,,,,,,,,,,,,,,,,,,,,,FALSE,FALSE,,FALSE,FALSE,FALSE,,,,,,
,,,,,,,,,,,,,,,,,,,,,,,,,FALSE,FALSE,,FALSE,FALSE,FALSE,,,,,,
,,,,,,,,,,,,,,,,,,,,,,,,,FALSE,FALSE,,FALSE,FALSE,FALSE,,,,,,
,,,,,,,,,,,,,,,,,,,,,,,,,FALSE,FALSE,,FALSE,FALSE,FALSE,,,,,,
,,,,,,,,,,,,,,,,,,,,,,,,,FALSE,FALSE,,FALSE,FALSE,FALSE,,,,,,
,,,,,,,,,,,,,,,,,,,,,,,,,FALSE,FALSE,,FALSE,FALSE,FALSE,,,,,,
,,,,,,,,,,,,,,,,,,,,,,,,,FALSE,FALSE,,FALSE,FALSE,FALSE,,,,,,
,,,,,,,,,,,,,,,,,,,,,,,,,FALSE,FALSE,,FALSE,FALSE,FALSE,,,,,,
,,,,,,,,,,,,,,,,,,,,,,,,,FALSE,FALSE,,FALSE,FALSE,FALSE,,,,,,
,,,,,,,,,,,,,,,,,,,,,,,,,FALSE,FALSE,,FALSE,FALSE,FALSE,,,,,,
,,,,,,,,,,,,,,,,,,,,,,,,,FALSE,FALSE,,FALSE,FALSE,FALSE,,,,,,
,,,,,,,,,,,,,,,,,,,,,,,,,FALSE,FALSE,,FALSE,FALSE,FALSE,,,,,,
,,,,,,,,,,,,,,,,,,,,,,,,,FALSE,FALSE,,FALSE,FALSE,FALSE,,,,,,
,,,,,,,,,,,,,,,,,,,,,,,,,FALSE,FALSE,,FALSE,FALSE,FALSE,,,,,,
,,,,,,,,,,,,,,,,,,,,,,,,,FALSE,FALSE,,FALSE,FALSE,FALSE,,,,,,
,,,,,,,,,,,,,,,,,,,,,,,,,FALSE,FALSE,,FALSE,FALSE,FALSE,,,,,,
,,,,,,,,,,,,,,,,,,,,,,,,,FALSE,FALSE,,FALSE,FALSE,FALSE,,,,,,
,,,,,,,,,,,,,,,,,,,,,,,,,FALSE,FALSE,,FALSE,FALSE,FALSE,,,,,,
,,,,,,,,,,,,,,,,,,,,,,,,,FALSE,FALSE,,FALSE,FALSE,FALSE,,,,,,
,,,,,,,,,,,,,,,,,,,,,,,,,FALSE,FALSE,,FALSE,FALSE,FALSE,,,,,,
,,,,,,,,,,,,,,,,,,,,,,,,,FALSE,FALSE,,FALSE,FALSE,FALSE,,,,,,
,,,,,,,,,,,,,,,,,,,,,,,,,FALSE,FALSE,,FALSE,FALSE,FALSE,,,,,,
,,,,,,,,,,,,,,,,,,,,,,,,,FALSE,FALSE,,FALSE,FALSE,FALSE,,,,,,
,,,,,,,,,,,,,,,,,,,,,,,,,FALSE,FALSE,,FALSE,FALSE,FALSE,,,,,,
,,,,,,,,,,,,,,,,,,,,,,,,,FALSE,FALSE,,FALSE,FALSE,FALSE,,,,,,
,,,,,,,,,,,,,,,,,,,,,,,,,FALSE,FALSE,,FALSE,FALSE,FALSE,,,,,,
,,,,,,,,,,,,,,,,,,,,,,,,,FALSE,FALSE,,FALSE,FALSE,FALSE,,,,,,
,,,,,,,,,,,,,,,,,,,,,,,,,FALSE,FALSE,,FALSE,FALSE,FALSE,,,,,,
,,,,,,,,,,,,,,,,,,,,,,,,,FALSE,FALSE,,FALSE,FALSE,FALSE,,,,,,
,,,,,,,,,,,,,,,,,,,,,,,,,FALSE,FALSE,,FALSE,FALSE,FALSE,,,,,,
,,,,,,,,,,,,,,,,,,,,,,,,,FALSE,FALSE,,FALSE,FALSE,FALSE,,,,,,
,,,,,,,,,,,,,,,,,,,,,,,,,FALSE,FALSE,,FALSE,FALSE,FALSE,,,,,,
,,,,,,,,,,,,,,,,,,,,,,,,,FALSE,FALSE,,FALSE,FALSE,FALSE,,,,,,
,,,,,,,,,,,,,,,,,,,,,,,,,FALSE,FALSE,,FALSE,FALSE,FALSE,,,,,,
,,,,,,,,,,,,,,,,,,,,,,,,,FALSE,FALSE,,FALSE,FALSE,FALSE,,,,,,
,,,,,,,,,,,,,,,,,,,,,,,,,FALSE,FALSE,,FALSE,FALSE,FALSE,,,,,,
,,,,,,,,,,,,,,,,,,,,,,,,,FALSE,FALSE,,FALSE,FALSE,FALSE,,,,,,
,,,,,,,,,,,,,,,,,,,,,,,,,FALSE,FALSE,,FALSE,FALSE,FALSE,,,,,,
,,,,,,,,,,,,,,,,,,,,,,,,,FALSE,FALSE,,FALSE,FALSE,FALSE,,,,,,
,,,,,,,,,,,,,,,,,,,,,,,,,FALSE,FALSE,,FALSE,FALSE,FALSE,,,,,,
,,,,,,,,,,,,,,,,,,,,,,,,,FALSE,FALSE,,FALSE,FALSE,FALSE,,,,,,
,,,,,,,,,,,,,,,,,,,,,,,,,FALSE,FALSE,,FALSE,FALSE,FALSE,,,,,,
,,,,,,,,,,,,,,,,,,,,,,,,,FALSE,FALSE,,FALSE,FALSE,FALSE,,,,,,
,,,,,,,,,,,,,,,,,,,,,,,,,FALSE,FALSE,,FALSE,FALSE,FALSE,,,,,,
,,,,,,,,,,,,,,,,,,,,,,,,,FALSE,FALSE,,FALSE,FALSE,FALSE,,,,,,
,,,,,,,,,,,,,,,,,,,,,,,,,FALSE,FALSE,,FALSE,FALSE,FALSE,,,,,,
,,,,,,,,,,,,,,,,,,,,,,,,,FALSE,FALSE,,FALSE,FALSE,FALSE,,,,,,
,,,,,,,,,,,,,,,,,,,,,,,,,FALSE,FALSE,,FALSE,FALSE,FALSE,,,,,,
,,,,,,,,,,,,,,,,,,,,,,,,,FALSE,FALSE,,FALSE,FALSE,FALSE,,,,,,
,,,,,,,,,,,,,,,,,,,,,,,,,FALSE,FALSE,,FALSE,FALSE,FALSE,,,,,,
,,,,,,,,,,,,,,,,,,,,,,,,,FALSE,FALSE,,FALSE,FALSE,FALSE,,,,,,
,,,,,,,,,,,,,,,,,,,,,,,,,FALSE,FALSE,,FALSE,FALSE,FALSE,,,,,,
,,,,,,,,,,,,,,,,,,,,,,,,,FALSE,FALSE,,FALSE,FALSE,FALSE,,,,,,
,,,,,,,,,,,,,,,,,,,,,,,,,FALSE,FALSE,,FALSE,FALSE,FALSE,,,,,,
,,,,,,,,,,,,,,,,,,,,,,,,,FALSE,FALSE,,FALSE,FALSE,FALSE,,,,,,
,,,,,,,,,,,,,,,,,,,,,,,,,FALSE,FALSE,,FALSE,FALSE,FALSE,,,,,,
,,,,,,,,,,,,,,,,,,,,,,,,,FALSE,FALSE,,FALSE,FALSE,FALSE,,,,,,
,,,,,,,,,,,,,,,,,,,,,,,,,FALSE,FALSE,,FALSE,FALSE,FALSE,,,,,,
,,,,,,,,,,,,,,,,,,,,,,,,,FALSE,FALSE,,FALSE,FALSE,FALSE,,,,,,
,,,,,,,,,,,,,,,,,,,,,,,,,FALSE,FALSE,,FALSE,FALSE,FALSE,,,,,,
,,,,,,,,,,,,,,,,,,,,,,,,,FALSE,FALSE,,FALSE,FALSE,FALSE,,,,,,
,,,,,,,,,,,,,,,,,,,,,,,,,FALSE,FALSE,,FALSE,FALSE,FALSE,,,,,,
,,,,,,,,,,,,,,,,,,,,,,,,,FALSE,FALSE,,FALSE,FALSE,FALSE,,,,,,
,,,,,,,,,,,,,,,,,,,,,,,,,FALSE,FALSE,,FALSE,FALSE,FALSE,,,,,,
,,,,,,,,,,,,,,,,,,,,,,,,,FALSE,FALSE,,FALSE,FALSE,FALSE,,,,,,
,,,,,,,,,,,,,,,,,,,,,,,,,FALSE,FALSE,,FALSE,FALSE,FALSE,,,,,,
,,,,,,,,,,,,,,,,,,,,,,,,,FALSE,FALSE,,FALSE,FALSE,FALSE,,,,,,
,,,,,,,,,,,,,,,,,,,,,,,,,FALSE,FALSE,,FALSE,FALSE,FALSE,,,,,,
,,,,,,,,,,,,,,,,,,,,,,,,,FALSE,FALSE,,FALSE,FALSE,FALSE,,,,,,
,,,,,,,,,,,,,,,,,,,,,,,,,FALSE,FALSE,,FALSE,FALSE,FALSE,,,,,,
,,,,,,,,,,,,,,,,,,,,,,,,,FALSE,FALSE,,FALSE,FALSE,FALSE,,,,,,
,,,,,,,,,,,,,,,,,,,,,,,,,FALSE,FALSE,,FALSE,FALSE,FALSE,,,,,,
,,,,,,,,,,,,,,,,,,,,,,,,,FALSE,FALSE,,FALSE,FALSE,FALSE,,,,,,
,,,,,,,,,,,,,,,,,,,,,,,,,FALSE,FALSE,,FALSE,FALSE,FALSE,,,,,,
,,,,,,,,,,,,,,,,,,,,,,,,,FALSE,FALSE,,FALSE,FALSE,FALSE,,,,,,
,,,,,,,,,,,,,,,,,,,,,,,,,FALSE,FALSE,,FALSE,FALSE,FALSE,,,,,,
,,,,,,,,,,,,,,,,,,,,,,,,,FALSE,FALSE,,FALSE,FALSE,FALSE,,,,,,
,,,,,,,,,,,,,,,,,,,,,,,,,FALSE,FALSE,,FALSE,FALSE,FALSE,,,,,,
,,,,,,,,,,,,,,,,,,,,,,,,,FALSE,FALSE,,FALSE,FALSE,FALSE,,,,,,
,,,,,,,,,,,,,,,,,,,,,,,,,FALSE,FALSE,,FALSE,FALSE,FALSE,,,,,,
,,,,,,,,,,,,,,,,,,,,,,,,,FALSE,FALSE,,FALSE,FALSE,FALSE,,,,,,
,,,,,,,,,,,,,,,,,,,,,,,,,FALSE,FALSE,,FALSE,FALSE,FALSE,,,,,,
,,,,,,,,,,,,,,,,,,,,,,,,,FALSE,FALSE,,FALSE,FALSE,FALSE,,,,,,
,,,,,,,,,,,,,,,,,,,,,,,,,FALSE,FALSE,,FALSE,FALSE,FALSE,,,,,,
,,,,,,,,,,,,,,,,,,,,,,,,,FALSE,FALSE,,FALSE,FALSE,FALSE,,,,,,
,,,,,,,,,,,,,,,,,,,,,,,,,FALSE,FALSE,,FALSE,FALSE,FALSE,,,,,,
,,,,,,,,,,,,,,,,,,,,,,,,,FALSE,FALSE,,FALSE,FALSE,FALSE,,,,,,
,,,,,,,,,,,,,,,,,,,,,,,,,FALSE,FALSE,,FALSE,FALSE,FALSE,,,,,,
,,,,,,,,,,,,,,,,,,,,,,,,,FALSE,FALSE,,FALSE,FALSE,FALSE,,,,,,
,,,,,,,,,,,,,,,,,,,,,,,,,FALSE,FALSE,,FALSE,FALSE,FALSE,,,,,,
,,,,,,,,,,,,,,,,,,,,,,,,,FALSE,FALSE,,FALSE,FALSE,FALSE,,,,,,
,,,,,,,,,,,,,,,,,,,,,,,,,FALSE,FALSE,,FALSE,FALSE,FALSE,,,,,,
,,,,,,,,,,,,,,,,,,,,,,,,,FALSE,FALSE,,FALSE,FALSE,FALSE,,,,,,
,,,,,,,,,,,,,,,,,,,,,,,,,FALSE,FALSE,,FALSE,FALSE,FALSE,,,,,,
,,,,,,,,,,,,,,,,,,,,,,,,,FALSE,FALSE,,FALSE,FALSE,FALSE,,,,,,
,,,,,,,,,,,,,,,,,,,,,,,,,FALSE,FALSE,,FALSE,FALSE,FALSE,,,,,,
,,,,,,,,,,,,,,,,,,,,,,,,,FALSE,FALSE,,FALSE,FALSE,FALSE,,,,,,
,,,,,,,,,,,,,,,,,,,,,,,,,FALSE,FALSE,,FALSE,FALSE,FALSE,,,,,,
,,,,,,,,,,,,,,,,,,,,,,,,,FALSE,FALSE,,FALSE,FALSE,FALSE,,,,,,
,,,,,,,,,,,,,,,,,,,,,,,,,FALSE,FALSE,,FALSE,FALSE,FALSE,,,,,,
,,,,,,,,,,,,,,,,,,,,,,,,,FALSE,FALSE,,FALSE,FALSE,FALSE,,,,,,
,,,,,,,,,,,,,,,,,,,,,,,,,FALSE,FALSE,,FALSE,FALSE,FALSE,,,,,,
,,,,,,,,,,,,,,,,,,,,,,,,,FALSE,FALSE,,FALSE,FALSE,FALSE,,,,,,
,,,,,,,,,,,,,,,,,,,,,,,,,FALSE,FALSE,,FALSE,FALSE,FALSE,,,,,,
,,,,,,,,,,,,,,,,,,,,,,,,,FALSE,FALSE,,FALSE,FALSE,FALSE,,,,,,
,,,,,,,,,,,,,,,,,,,,,,,,,FALSE,FALSE,,FALSE,FALSE,FALSE,,,,,,
,,,,,,,,,,,,,,,,,,,,,,,,,FALSE,FALSE,,FALSE,FALSE,FALSE,,,,,,
,,,,,,,,,,,,,,,,,,,,,,,,,FALSE,FALSE,,FALSE,FALSE,FALSE,,,,,,
,,,,,,,,,,,,,,,,,,,,,,,,,FALSE,FALSE,,FALSE,FALSE,FALSE,,,,,,
,,,,,,,,,,,,,,,,,,,,,,,,,FALSE,FALSE,,FALSE,FALSE,FALSE,,,,,,
,,,,,,,,,,,,,,,,,,,,,,,,,FALSE,FALSE,,FALSE,FALSE,FALSE,,,,,,
,,,,,,,,,,,,,,,,,,,,,,,,,FALSE,FALSE,,FALSE,FALSE,FALSE,,,,,,
,,,,,,,,,,,,,,,,,,,,,,,,,FALSE,FALSE,,FALSE,FALSE,FALSE,,,,,,
,,,,,,,,,,,,,,,,,,,,,,,,,FALSE,FALSE,,FALSE,FALSE,FALSE,,,,,,
,,,,,,,,,,,,,,,,,,,,,,,,,FALSE,FALSE,,FALSE,FALSE,FALSE,,,,,,
,,,,,,,,,,,,,,,,,,,,,,,,,FALSE,FALSE,,FALSE,FALSE,FALSE,,,,,,
,,,,,,,,,,,,,,,,,,,,,,,,,FALSE,FALSE,,FALSE,FALSE,FALSE,,,,,,
,,,,,,,,,,,,,,,,,,,,,,,,,FALSE,FALSE,,FALSE,FALSE,FALSE,,,,,,
,,,,,,,,,,,,,,,,,,,,,,,,,FALSE,FALSE,,FALSE,FALSE,FALSE,,,,,,
,,,,,,,,,,,,,,,,,,,,,,,,,FALSE,FALSE,,FALSE,FALSE,FALSE,,,,,,
,,,,,,,,,,,,,,,,,,,,,,,,,FALSE,FALSE,,FALSE,FALSE,FALSE,,,,,,
,,,,,,,,,,,,,,,,,,,,,,,,,FALSE,FALSE,,FALSE,FALSE,FALSE,,,,,,
,,,,,,,,,,,,,,,,,,,,,,,,,FALSE,FALSE,,FALSE,FALSE,FALSE,,,,,,
,,,,,,,,,,,,,,,,,,,,,,,,,FALSE,FALSE,,FALSE,FALSE,FALSE,,,,,,
,,,,,,,,,,,,,,,,,,,,,,,,,FALSE,FALSE,,FALSE,FALSE,FALSE,,,,,,
,,,,,,,,,,,,,,,,,,,,,,,,,FALSE,FALSE,,FALSE,FALSE,FALSE,,,,,,
,,,,,,,,,,,,,,,,,,,,,,,,,FALSE,FALSE,,FALSE,FALSE,FALSE,,,,,,
,,,,,,,,,,,,,,,,,,,,,,,,,FALSE,FALSE,,FALSE,FALSE,FALSE,,,,,,
,,,,,,,,,,,,,,,,,,,,,,,,,FALSE,FALSE,,FALSE,FALSE,FALSE,,,,,,
,,,,,,,,,,,,,,,,,,,,,,,,,FALSE,FALSE,,FALSE,FALSE,FALSE,,,,,,
,,,,,,,,,,,,,,,,,,,,,,,,,FALSE,FALSE,,FALSE,FALSE,FALSE,,,,,,
,,,,,,,,,,,,,,,,,,,,,,,,,FALSE,FALSE,,FALSE,FALSE,FALSE,,,,,,
,,,,,,,,,,,,,,,,,,,,,,,,,FALSE,FALSE,,FALSE,FALSE,FALSE,,,,,,
,,,,,,,,,,,,,,,,,,,,,,,,,FALSE,FALSE,,FALSE,FALSE,FALSE,,,,,,
,,,,,,,,,,,,,,,,,,,,,,,,,FALSE,FALSE,,FALSE,FALSE,FALSE,,,,,,
,,,,,,,,,,,,,,,,,,,,,,,,,FALSE,FALSE,,FALSE,FALSE,FALSE,,,,,,
,,,,,,,,,,,,,,,,,,,,,,,,,FALSE,FALSE,,FALSE,FALSE,FALSE,,,,,,
,,,,,,,,,,,,,,,,,,,,,,,,,FALSE,FALSE,,FALSE,FALSE,FALSE,,,,,,
,,,,,,,,,,,,,,,,,,,,,,,,,FALSE,FALSE,,FALSE,FALSE,FALSE,,,,,,
,,,,,,,,,,,,,,,,,,,,,,,,,FALSE,FALSE,,FALSE,FALSE,FALSE,,,,,,
,,,,,,,,,,,,,,,,,,,,,,,,,FALSE,FALSE,,FALSE,FALSE,FALSE,,,,,,
,,,,,,,,,,,,,,,,,,,,,,,,,FALSE,FALSE,,FALSE,FALSE,FALSE,,,,,,
,,,,,,,,,,,,,,,,,,,,,,,,,FALSE,FALSE,,FALSE,FALSE,FALSE,,,,,,
,,,,,,,,,,,,,,,,,,,,,,,,,FALSE,FALSE,,FALSE,FALSE,FALSE,,,,,,
,,,,,,,,,,,,,,,,,,,,,,,,,FALSE,FALSE,,FALSE,FALSE,FALSE,,,,,,
,,,,,,,,,,,,,,,,,,,,,,,,,FALSE,FALSE,,FALSE,FALSE,FALSE,,,,,,
,,,,,,,,,,,,,,,,,,,,,,,,,FALSE,FALSE,,FALSE,FALSE,FALSE,,,,,,
,,,,,,,,,,,,,,,,,,,,,,,,,FALSE,FALSE,,FALSE,FALSE,FALSE,,,,,,
,,,,,,,,,,,,,,,,,,,,,,,,,FALSE,FALSE,,FALSE,FALSE,FALSE,,,,,,
,,,,,,,,,,,,,,,,,,,,,,,,,FALSE,FALSE,,FALSE,FALSE,FALSE,,,,,,
,,,,,,,,,,,,,,,,,,,,,,,,,FALSE,FALSE,,FALSE,FALSE,FALSE,,,,,,
,,,,,,,,,,,,,,,,,,,,,,,,,FALSE,FALSE,,FALSE,FALSE,FALSE,,,,,,
,,,,,,,,,,,,,,,,,,,,,,,,,FALSE,FALSE,,FALSE,FALSE,FALSE,,,,,,
,,,,,,,,,,,,,,,,,,,,,,,,,FALSE,FALSE,,FALSE,FALSE,FALSE,,,,,,
,,,,,,,,,,,,,,,,,,,,,,,,,FALSE,FALSE,,FALSE,FALSE,FALSE,,,,,,
,,,,,,,,,,,,,,,,,,,,,,,,,FALSE,FALSE,,FALSE,FALSE,FALSE,,,,,,
,,,,,,,,,,,,,,,,,,,,,,,,,FALSE,FALSE,,FALSE,FALSE,FALSE,,,,,,
,,,,,,,,,,,,,,,,,,,,,,,,,FALSE,FALSE,,FALSE,FALSE,FALSE,,,,,,
,,,,,,,,,,,,,,,,,,,,,,,,,FALSE,FALSE,,FALSE,FALSE,FALSE,,,,,,
,,,,,,,,,,,,,,,,,,,,,,,,,FALSE,FALSE,,FALSE,FALSE,FALSE,,,,,,
,,,,,,,,,,,,,,,,,,,,,,,,,FALSE,FALSE,,FALSE,FALSE,FALSE,,,,,,
,,,,,,,,,,,,,,,,,,,,,,,,,FALSE,FALSE,,FALSE,FALSE,FALSE,,,,,,
,,,,,,,,,,,,,,,,,,,,,,,,,FALSE,FALSE,,FALSE,FALSE,FALSE,,,,,,
,,,,,,,,,,,,,,,,,,,,,,,,,FALSE,FALSE,,FALSE,FALSE,FALSE,,,,,,
,,,,,,,,,,,,,,,,,,,,,,,,,FALSE,FALSE,,FALSE,FALSE,FALSE,,,,,,
,,,,,,,,,,,,,,,,,,,,,,,,,FALSE,FALSE,,FALSE,FALSE,FALSE,,,,,,
,,,,,,,,,,,,,,,,,,,,,,,,,FALSE,FALSE,,FALSE,FALSE,FALSE,,,,,,
,,,,,,,,,,,,,,,,,,,,,,,,,FALSE,FALSE,,FALSE,FALSE,FALSE,,,,,,
,,,,,,,,,,,,,,,,,,,,,,,,,FALSE,FALSE,,FALSE,FALSE,FALSE,,,,,,
,,,,,,,,,,,,,,,,,,,,,,,,,FALSE,FALSE,,FALSE,FALSE,FALSE,,,,,,
,,,,,,,,,,,,,,,,,,,,,,,,,FALSE,FALSE,,FALSE,FALSE,FALSE,,,,,,
,,,,,,,,,,,,,,,,,,,,,,,,,FALSE,FALSE,,FALSE,FALSE,FALSE,,,,,,
,,,,,,,,,,,,,,,,,,,,,,,,,FALSE,FALSE,,FALSE,FALSE,FALSE,,,,,,
,,,,,,,,,,,,,,,,,,,,,,,,,FALSE,FALSE,,FALSE,FALSE,FALSE,,,,,,
,,,,,,,,,,,,,,,,,,,,,,,,,FALSE,FALSE,,FALSE,FALSE,FALSE,,,,,,
,,,,,,,,,,,,,,,,,,,,,,,,,FALSE,FALSE,,FALSE,FALSE,FALSE,,,,,,
,,,,,,,,,,,,,,,,,,,,,,,,,FALSE,FALSE,,FALSE,FALSE,FALSE,,,,,,
,,,,,,,,,,,,,,,,,,,,,,,,,FALSE,FALSE,,FALSE,FALSE,FALSE,,,,,,
,,,,,,,,,,,,,,,,,,,,,,,,,FALSE,FALSE,,FALSE,FALSE,FALSE,,,,,,
,,,,,,,,,,,,,,,,,,,,,,,,,FALSE,FALSE,,FALSE,FALSE,FALSE,,,,,,
,,,,,,,,,,,,,,,,,,,,,,,,,FALSE,FALSE,,FALSE,FALSE,FALSE,,,,,,
,,,,,,,,,,,,,,,,,,,,,,,,,FALSE,FALSE,,FALSE,FALSE,FALSE,,,,,,
,,,,,,,,,,,,,,,,,,,,,,,,,FALSE,FALSE,,FALSE,FALSE,FALSE,,,,,,
,,,,,,,,,,,,,,,,,,,,,,,,,FALSE,FALSE,,FALSE,FALSE,FALSE,,,,,,
,,,,,,,,,,,,,,,,,,,,,,,,,FALSE,FALSE,,FALSE,FALSE,FALSE,,,,,,
,,,,,,,,,,,,,,,,,,,,,,,,,FALSE,FALSE,,FALSE,FALSE,FALSE,,,,,,
,,,,,,,,,,,,,,,,,,,,,,,,,FALSE,FALSE,,FALSE,FALSE,FALSE,,,,,,
,,,,,,,,,,,,,,,,,,,,,,,,,FALSE,FALSE,,FALSE,FALSE,FALSE,,,,,,
,,,,,,,,,,,,,,,,,,,,,,,,,FALSE,FALSE,,FALSE,FALSE,FALSE,,,,,,
,,,,,,,,,,,,,,,,,,,,,,,,,FALSE,FALSE,,FALSE,FALSE,FALSE,,,,,,
,,,,,,,,,,,,,,,,,,,,,,,,,FALSE,FALSE,,FALSE,FALSE,FALSE,,,,,,
,,,,,,,,,,,,,,,,,,,,,,,,,FALSE,FALSE,,FALSE,FALSE,FALSE,,,,,,
,,,,,,,,,,,,,,,,,,,,,,,,,FALSE,FALSE,,FALSE,FALSE,FALSE,,,,,,
,,,,,,,,,,,,,,,,,,,,,,,,,FALSE,FALSE,,FALSE,FALSE,FALSE,,,,,,
,,,,,,,,,,,,,,,,,,,,,,,,,FALSE,FALSE,,FALSE,FALSE,FALSE,,,,,,
,,,,,,,,,,,,,,,,,,,,,,,,,FALSE,FALSE,,FALSE,FALSE,FALSE,,,,,,
,,,,,,,,,,,,,,,,,,,,,,,,,FALSE,FALSE,,FALSE,FALSE,FALSE,,,,,,
,,,,,,,,,,,,,,,,,,,,,,,,,FALSE,FALSE,,FALSE,FALSE,FALSE,,,,,,
,,,,,,,,,,,,,,,,,,,,,,,,,FALSE,FALSE,,FALSE,FALSE,FALSE,,,,,,
,,,,,,,,,,,,,,,,,,,,,,,,,FALSE,FALSE,,FALSE,FALSE,FALSE,,,,,,
,,,,,,,,,,,,,,,,,,,,,,,,,FALSE,FALSE,,FALSE,FALSE,FALSE,,,,,,
,,,,,,,,,,,,,,,,,,,,,,,,,FALSE,FALSE,,FALSE,FALSE,FALSE,,,,,,
,,,,,,,,,,,,,,,,,,,,,,,,,FALSE,FALSE,,FALSE,FALSE,FALSE,,,,,,
,,,,,,,,,,,,,,,,,,,,,,,,,FALSE,FALSE,,FALSE,FALSE,FALSE,,,,,,
,,,,,,,,,,,,,,,,,,,,,,,,,FALSE,FALSE,,FALSE,FALSE,FALSE,,,,,,
,,,,,,,,,,,,,,,,,,,,,,,,,FALSE,FALSE,,FALSE,FALSE,FALSE,,,,,,
,,,,,,,,,,,,,,,,,,,,,,,,,FALSE,FALSE,,FALSE,FALSE,FALSE,,,,,,
,,,,,,,,,,,,,,,,,,,,,,,,,FALSE,FALSE,,FALSE,FALSE,FALSE,,,,,,
,,,,,,,,,,,,,,,,,,,,,,,,,FALSE,FALSE,,FALSE,FALSE,FALSE,,,,,,
,,,,,,,,,,,,,,,,,,,,,,,,,FALSE,FALSE,,FALSE,FALSE,FALSE,,,,,,
,,,,,,,,,,,,,,,,,,,,,,,,,FALSE,FALSE,,FALSE,FALSE,FALSE,,,,,,
,,,,,,,,,,,,,,,,,,,,,,,,,FALSE,FALSE,,FALSE,FALSE,FALSE,,,,,,
,,,,,,,,,,,,,,,,,,,,,,,,,FALSE,FALSE,,FALSE,FALSE,FALSE,,,,,,
,,,,,,,,,,,,,,,,,,,,,,,,,FALSE,FALSE,,FALSE,FALSE,FALSE,,,,,,
,,,,,,,,,,,,,,,,,,,,,,,,,FALSE,FALSE,,FALSE,FALSE,FALSE,,,,,,
,,,,,,,,,,,,,,,,,,,,,,,,,FALSE,FALSE,,FALSE,FALSE,FALSE,,,,,,
,,,,,,,,,,,,,,,,,,,,,,,,,FALSE,FALSE,,FALSE,FALSE,FALSE,,,,,,